year,tmID,franchID,confID,rank,playoff,firstRound,semis,finals,won_team,lost_team,GP_x,homeW,homeL,awayW,awayL,confW,confL,W,L,coachID,stint_x,won_coach,lost_coach,post_wins,post_losses,bioID,stint_y,GP_y,GS,minutes,points,oRebounds,dRebounds,rebounds,assists,steals,blocks,turnovers,PF,fgAttempted,fgMade,ftAttempted,ftMade,threeAttempted,threeMade,dq,PostGP,PostGS,PostMinutes,PostPoints,PostoRebounds,PostdRebounds,PostRebounds,PostAssists,PostSteals,PostBlocks,PostTurnovers,PostPF,PostfgAttempted,PostfgMade,PostftAttempted,PostftMade,PostthreeAttempted,PostthreeMade,PostDQ,total_award_score
1,HOU,HOU,WE,2,Y,W,W,W,27,5,32,14,2,13,3,17,4,6.0,0.0,chancva99w,0,27,5,6,0,arcaija01w,0,32,32,977,268,36,83,119,60,42,3,53,66,233,109,49,41,45,9,1,6,6,201,50,6,21,27,12,10,0,16,14,47,21,7,6,7,2,0,0.0
1,HOU,HOU,WE,2,Y,W,W,W,27,5,32,14,2,13,3,17,4,6.0,0.0,chancva99w,0,27,5,6,0,coopecy01w,0,31,31,1085,550,17,68,85,156,39,6,99,61,392,180,168,147,121,43,0,6,6,228,136,5,10,15,22,9,1,18,11,119,45,39,35,32,11,0,8.0
1,HOU,HOU,WE,2,Y,W,W,W,27,5,32,14,2,13,3,17,4,6.0,0.0,chancva99w,0,27,5,6,0,gibsoke01w,0,17,0,76,24,4,8,12,2,1,0,4,11,19,7,8,7,7,3,0,1,0,3,0,0,0,0,0,0,0,0,0,1,0,0,0,0,0,0,0.0
1,HOU,HOU,WE,2,Y,W,W,W,27,5,32,14,2,13,3,17,4,6.0,0.0,chancva99w,0,27,5,6,0,jacksta01w,0,29,1,339,76,18,43,61,11,12,9,24,62,61,35,11,6,0,0,0,6,0,94,16,9,8,17,0,4,4,2,9,14,8,0,0,0,0,0,0.0
1,HOU,HOU,WE,2,Y,W,W,W,27,5,32,14,2,13,3,17,4,6.0,0.0,chancva99w,0,27,5,6,0,johnsti01w,0,31,29,687,131,59,88,147,10,10,16,17,86,100,48,50,35,0,0,1,6,6,135,22,12,17,29,1,3,2,7,15,20,10,2,2,0,0,0,0.0
1,HOU,HOU,WE,2,Y,W,W,W,27,5,32,14,2,13,3,17,4,6.0,0.0,chancva99w,0,27,5,6,0,lambmo01w,0,13,2,140,26,5,21,26,3,2,4,4,23,20,10,12,6,0,0,0,0,0,0,0,0,0,0,0,0,0,0,0,0,0,0,0,0,0,0,0.0
1,HOU,HOU,WE,2,Y,W,W,W,27,5,32,14,2,13,3,17,4,6.0,0.0,chancva99w,0,27,5,6,0,rizzoje01w,0,32,2,437,60,6,30,36,44,15,2,26,38,55,21,9,6,39,12,0,1,0,3,0,0,0,0,0,0,0,0,0,1,0,0,0,1,0,0,0.0
1,HOU,HOU,WE,2,Y,W,W,W,27,5,32,14,2,13,3,17,4,6.0,0.0,chancva99w,0,27,5,6,0,shakiel01w,0,14,0,150,57,14,17,31,4,5,2,7,12,30,13,33,29,12,2,0,0,0,0,0,0,0,0,0,0,0,0,0,0,0,0,0,0,0,0,0.0
1,HOU,HOU,WE,2,Y,W,W,W,27,5,32,14,2,13,3,17,4,6.0,0.0,chancva99w,0,27,5,6,0,swoopsh01w,0,31,31,1090,643,40,155,195,119,87,33,82,67,484,245,145,119,91,34,0,6,6,220,113,9,25,34,19,17,0,12,11,87,41,29,23,17,8,0,17.0
1,HOU,HOU,WE,2,Y,W,W,W,27,5,32,14,2,13,3,17,4,6.0,0.0,chancva99w,0,27,5,6,0,thompti01w,0,32,32,1087,540,68,177,245,48,47,25,84,88,407,191,123,103,132,55,0,6,6,233,76,17,31,48,10,5,5,10,19,62,25,18,17,23,9,0,7.0
1,HOU,HOU,WE,2,Y,W,W,W,27,5,32,14,2,13,3,17,4,6.0,0.0,chancva99w,0,27,5,6,0,valdeam01w,0,22,0,171,57,3,18,21,13,8,4,13,21,60,20,6,6,29,11,0,3,0,16,9,1,3,4,0,1,0,0,0,5,2,4,4,3,1,0,0.0
1,HOU,HOU,WE,2,Y,W,W,W,27,5,32,14,2,13,3,17,4,6.0,0.0,chancva99w,0,27,5,6,0,washico01w,0,25,0,236,43,3,16,19,24,16,0,19,19,33,12,20,16,15,3,0,6,0,92,14,4,7,11,6,5,1,8,4,9,3,6,5,7,3,0,0.0
1,NYL,NYL,EA,1,Y,W,W,L,20,12,32,12,4,8,8,14,7,4.0,3.0,adubari99w,0,20,12,4,3,bibbyje01w,0,17,0,69,19,3,2,5,11,3,0,12,9,18,3,13,11,6,2,0,3,0,8,4,0,0,0,2,0,0,2,0,2,2,0,0,0,0,0,0.0
1,NYL,NYL,EA,1,Y,W,W,L,20,12,32,12,4,8,8,14,7,4.0,3.0,adubari99w,0,20,12,4,3,ferrama01w,0,23,4,154,50,4,13,17,4,0,2,11,34,53,23,2,1,10,3,0,3,0,12,6,0,3,3,1,1,0,0,4,3,2,0,0,2,2,0,0.0
1,NYL,NYL,EA,1,Y,W,W,L,20,12,32,12,4,8,8,14,7,4.0,3.0,adubari99w,0,20,12,4,3,firsool01w,0,9,0,19,12,0,4,4,1,0,1,2,8,10,4,5,4,1,0,0,3,0,6,6,1,0,1,0,0,0,0,1,4,3,0,0,0,0,0,0.0
1,NYL,NYL,EA,1,Y,W,W,L,20,12,32,12,4,8,8,14,7,4.0,3.0,adubari99w,0,20,12,4,3,francde01w,0,1,0,2,0,0,0,0,0,0,0,0,0,1,0,0,0,0,0,0,2,0,4,0,1,0,1,0,0,0,0,0,2,0,0,0,1,0,0,0.0
1,NYL,NYL,EA,1,Y,W,W,L,20,12,32,12,4,8,8,14,7,4.0,3.0,adubari99w,0,20,12,4,3,hammobe01w,0,32,16,835,351,19,45,64,58,29,1,62,55,252,119,69,61,141,52,0,7,7,206,66,5,5,10,15,9,0,17,10,49,21,19,17,23,7,0,0.0
1,NYL,NYL,EA,1,Y,W,W,L,20,12,32,12,4,8,8,14,7,4.0,3.0,adubari99w,0,20,12,4,3,johnsvi01w,0,31,31,1023,380,40,97,137,77,22,5,57,48,324,143,76,67,71,27,0,7,7,237,72,10,25,35,24,8,0,13,14,71,27,14,12,22,6,0,0.0
1,NYL,NYL,EA,1,Y,W,W,L,20,12,32,12,4,8,8,14,7,4.0,3.0,adubari99w,0,20,12,4,3,lacyve01w,0,2,2,18,6,1,4,5,0,0,0,2,0,5,2,4,2,0,0,0,0,0,0,0,0,0,0,0,0,0,0,0,0,0,0,0,0,0,0,0.0
1,NYL,NYL,EA,1,Y,W,W,L,20,12,32,12,4,8,8,14,7,4.0,3.0,adubari99w,0,20,12,4,3,mahonsh01w,0,15,3,158,27,10,20,30,4,2,1,5,14,38,11,8,4,5,1,0,0,0,0,0,0,0,0,0,0,0,0,0,0,0,0,0,0,0,0,0.0
1,NYL,NYL,EA,1,Y,W,W,L,20,12,32,12,4,8,8,14,7,4.0,3.0,adubari99w,0,20,12,4,3,phillta01w,0,31,30,978,427,86,161,247,28,59,21,85,110,364,170,130,85,8,2,5,7,7,222,114,16,37,53,8,12,6,16,26,95,48,23,18,1,0,1,5.0
1,NYL,NYL,EA,1,Y,W,W,L,20,12,32,12,4,8,8,14,7,4.0,3.0,adubari99w,0,20,12,4,3,robincr01w,0,27,14,722,238,26,42,68,48,23,10,33,74,201,86,33,30,102,36,0,7,0,150,46,7,13,20,5,9,1,10,12,39,16,5,5,19,9,0,0.0
1,NYL,NYL,EA,1,Y,W,W,L,20,12,32,12,4,8,8,14,7,4.0,3.0,adubari99w,0,20,12,4,3,weathte01w,0,32,32,1078,205,16,93,109,205,65,5,86,85,153,67,81,60,44,11,0,7,7,253,32,2,17,19,49,19,0,20,20,34,12,11,7,5,1,1,0.0
1,NYL,NYL,EA,1,Y,W,W,L,20,12,32,12,4,8,8,14,7,4.0,3.0,adubari99w,0,20,12,4,3,whitmta01w,0,32,16,689,277,34,71,105,20,17,17,53,102,253,109,84,59,3,0,1,7,7,196,81,9,18,27,6,3,9,15,22,65,31,24,18,2,1,0,0.0
1,NYL,NYL,EA,1,Y,W,W,L,20,12,32,12,4,8,8,14,7,4.0,3.0,adubari99w,0,20,12,4,3,wickssu01w,0,32,12,680,156,49,100,149,21,26,39,50,78,143,55,62,45,5,1,1,7,0,131,23,11,16,27,3,7,9,5,21,26,9,4,4,1,1,0,0.0
2,CHA,CHA,EA,4,Y,W,W,L,18,14,32,11,5,7,9,15,6,4.0,4.0,donovan99w,0,18,14,4,4,anderke01w,0,18,0,102,12,3,12,15,14,6,0,17,8,16,2,10,8,2,0,0,2,0,7,0,0,0,0,1,1,0,1,1,1,0,0,0,1,0,0,0.0
2,CHA,CHA,EA,4,Y,W,W,L,18,14,32,11,5,7,9,15,6,4.0,4.0,donovan99w,0,18,14,4,4,bristre01w,0,1,0,5,0,2,0,2,0,0,0,1,0,1,0,0,0,0,0,0,0,0,0,0,0,0,0,0,0,0,0,0,0,0,0,0,0,0,0,0.0
2,CHA,CHA,EA,4,Y,W,W,L,18,14,32,11,5,7,9,15,6,4.0,4.0,donovan99w,0,18,14,4,4,edwarto01w,2,22,0,372,100,11,32,43,30,14,6,40,49,100,34,37,27,22,5,0,8,0,119,22,6,10,16,12,5,0,11,8,21,9,2,2,4,2,0,0.0
2,CHA,CHA,EA,4,Y,W,W,L,18,14,32,11,5,7,9,15,6,4.0,4.0,donovan99w,0,18,14,4,4,enissh01w,0,32,11,623,191,48,65,113,14,10,5,36,60,158,66,63,45,31,14,0,8,0,101,34,6,9,15,4,2,1,7,16,22,11,12,9,4,3,0,0.0
2,CHA,CHA,EA,4,Y,W,W,L,18,14,32,11,5,7,9,15,6,4.0,4.0,donovan99w,0,18,14,4,4,erbsu01w,0,18,0,148,54,8,27,35,4,1,5,10,23,42,18,21,18,0,0,0,4,0,15,8,2,2,4,0,0,0,3,3,5,4,0,0,0,0,0,0.0
2,CHA,CHA,EA,4,Y,W,W,L,18,14,32,11,5,7,9,15,6,4.0,4.0,donovan99w,0,18,14,4,4,feastal01w,0,32,32,1007,365,55,98,153,46,29,10,59,86,336,126,63,58,168,55,1,8,8,248,64,8,26,34,14,9,4,9,18,74,26,1,1,35,11,0,0.0
2,CHA,CHA,EA,4,Y,W,W,L,18,14,32,11,5,7,9,15,6,4.0,4.0,donovan99w,0,18,14,4,4,machacl01w,0,30,8,580,163,34,87,121,17,16,16,41,95,126,63,57,37,0,0,2,8,0,132,38,7,12,19,2,3,3,6,11,32,17,6,4,0,0,0,0.0
2,CHA,CHA,EA,4,Y,W,W,L,18,14,32,11,5,7,9,15,6,4.0,4.0,donovan99w,0,18,14,4,4,milleke01w,0,26,0,225,55,11,17,28,14,9,0,9,14,57,22,5,4,19,7,0,2,0,8,0,0,0,0,0,0,0,0,0,2,0,2,0,0,0,0,0.0
2,CHA,CHA,EA,4,Y,W,W,L,18,14,32,11,5,7,9,15,6,4.0,4.0,donovan99w,0,18,14,4,4,smithch02w,0,30,24,678,171,36,65,101,50,16,13,41,73,146,57,64,47,32,10,1,8,8,224,47,13,19,32,14,6,8,7,24,54,16,11,10,20,5,0,0.0
2,CHA,CHA,EA,4,Y,W,W,L,18,14,32,11,5,7,9,15,6,4.0,4.0,donovan99w,0,18,14,4,4,staleda01w,0,32,32,1152,298,11,60,71,179,52,1,100,54,281,107,57,51,89,33,0,8,8,301,94,3,15,18,35,9,2,34,19,77,32,21,17,26,13,0,0.0
2,CHA,CHA,EA,4,Y,W,W,L,18,14,32,11,5,7,9,15,6,4.0,4.0,donovan99w,0,18,14,4,4,stinsan01w,0,32,32,1006,450,39,98,137,88,43,19,70,59,370,179,79,63,65,29,0,8,8,278,96,12,37,49,26,13,2,18,18,95,37,21,17,13,5,0,0.0
2,CHA,CHA,EA,4,Y,W,W,L,18,14,32,11,5,7,9,15,6,4.0,4.0,donovan99w,0,18,14,4,4,suttota01w,0,29,21,602,196,51,78,129,11,21,39,40,84,147,72,72,52,0,0,1,8,8,167,60,10,16,26,4,1,11,8,25,46,25,14,10,0,0,0,0.0
2,LAS,LAS,WE,1,Y,W,W,W,28,4,32,16,0,12,4,19,2,6.0,1.0,coopemi01w,0,28,4,6,1,byearla01w,0,32,13,739,297,80,103,183,29,42,13,38,112,221,133,52,30,3,1,4,7,0,102,45,15,13,28,2,3,4,5,16,36,18,14,9,0,0,0,0.0
2,LAS,LAS,WE,1,Y,W,W,W,28,4,32,16,0,12,4,19,2,6.0,1.0,coopemi01w,0,28,4,6,1,dixonta01w,0,29,29,925,340,19,66,85,114,27,2,71,52,319,133,86,68,34,6,2,7,7,253,95,5,12,17,29,9,2,20,14,83,40,11,9,13,6,0,0.0
2,LAS,LAS,WE,1,Y,W,W,W,28,4,32,16,0,12,4,19,2,6.0,1.0,coopemi01w,0,28,4,6,1,figgsuk01w,0,32,29,930,257,14,86,100,126,43,4,55,42,179,76,63,51,117,54,0,7,7,239,58,3,12,15,41,4,4,6,14,53,18,16,12,36,10,0,0.0
2,LAS,LAS,WE,1,Y,W,W,W,28,4,32,16,0,12,4,19,2,6.0,1.0,coopemi01w,0,28,4,6,1,grginve01w,0,24,7,223,71,13,22,35,12,4,1,15,21,65,28,14,9,19,6,0,4,0,7,4,0,1,1,0,0,0,0,0,3,1,2,2,1,0,0,0.0
2,LAS,LAS,WE,1,Y,W,W,W,28,4,32,16,0,12,4,19,2,6.0,1.0,coopemi01w,0,28,4,6,1,leslili01w,0,31,31,1033,606,88,210,298,73,34,71,98,132,467,221,193,142,60,22,3,7,7,260,156,28,58,86,21,12,31,26,22,118,58,50,37,7,3,0,25.0
2,LAS,LAS,WE,1,Y,W,W,W,28,4,32,16,0,12,4,19,2,6.0,1.0,coopemi01w,0,28,4,6,1,levanni01w,0,13,0,67,20,5,4,9,7,5,1,5,3,22,7,1,1,17,5,0,3,0,5,0,0,0,0,0,0,0,0,0,3,0,0,0,2,0,0,0.0
2,LAS,LAS,WE,1,Y,W,W,W,28,4,32,16,0,12,4,19,2,6.0,1.0,coopemi01w,0,28,4,6,1,mabikmw01w,0,28,24,828,313,22,108,130,87,39,11,44,74,256,99,79,68,123,47,0,7,7,231,63,6,40,46,17,7,6,10,21,66,21,14,11,40,10,0,0.0
2,LAS,LAS,WE,1,Y,W,W,W,28,4,32,16,0,12,4,19,2,6.0,1.0,coopemi01w,0,28,4,6,1,mapprh01w,0,30,0,395,126,34,45,79,14,16,6,25,60,123,51,32,24,3,0,0,5,0,27,6,1,6,7,3,0,0,2,5,9,3,0,0,0,0,0,0.0
2,LAS,LAS,WE,1,Y,W,W,W,28,4,32,16,0,12,4,19,2,6.0,1.0,coopemi01w,0,28,4,6,1,mccrini01w,0,28,0,350,64,3,9,12,63,21,0,22,19,63,28,7,3,12,5,0,7,0,41,5,0,4,4,6,5,0,4,5,2,1,4,2,1,1,0,0.0
2,LAS,LAS,WE,1,Y,W,W,W,28,4,32,16,0,12,4,19,2,6.0,1.0,coopemi01w,0,28,4,6,1,miltode01w,0,32,27,938,330,71,98,169,68,49,29,58,101,296,134,63,50,35,12,0,7,7,226,86,12,32,44,20,7,10,11,22,64,35,19,13,8,3,0,0.0
2,LAS,LAS,WE,1,Y,W,W,W,28,4,32,16,0,12,4,19,2,6.0,1.0,coopemi01w,0,28,4,6,1,williwe01w,0,13,0,47,17,1,4,5,3,1,0,2,0,20,6,4,3,13,2,0,4,0,9,0,1,0,1,1,0,0,1,0,2,0,0,0,2,0,0,0.0
3,LAS,LAS,WE,1,Y,W,W,W,25,7,32,12,4,13,3,17,4,6.0,0.0,coopemi01w,0,25,7,6,0,askamma01w,2,20,4,215,61,24,25,49,4,11,4,11,25,55,26,14,9,1,0,0,4,3,24,2,1,2,3,0,0,0,0,4,5,0,2,2,0,0,0,0.0
3,LAS,LAS,WE,1,Y,W,W,W,25,7,32,12,4,13,3,17,4,6.0,0.0,coopemi01w,0,25,7,6,0,byearla01w,0,26,5,486,182,65,76,141,13,19,4,20,89,123,76,53,30,0,0,4,6,2,128,42,15,14,29,5,9,1,10,19,30,19,11,4,0,0,0,0.0
3,LAS,LAS,WE,1,Y,W,W,W,25,7,32,12,4,13,3,17,4,6.0,0.0,coopemi01w,0,25,7,6,0,desouer01w,0,11,0,41,12,8,6,14,2,3,0,6,14,14,5,10,2,0,0,0,1,0,3,3,1,0,1,0,0,0,0,0,1,0,4,3,0,0,0,0.0
3,LAS,LAS,WE,1,Y,W,W,W,25,7,32,12,4,13,3,17,4,6.0,0.0,coopemi01w,0,25,7,6,0,dixonta01w,0,30,30,958,319,18,74,92,119,28,5,82,74,320,125,59,49,57,20,2,5,4,147,61,2,18,20,17,12,0,13,15,44,25,10,9,4,2,1,0.0
3,LAS,LAS,WE,1,Y,W,W,W,25,7,32,12,4,13,3,17,4,6.0,0.0,coopemi01w,0,25,7,6,0,gaithka01w,1,1,0,5,0,0,1,1,1,0,0,1,2,1,0,0,0,0,0,0,0,0,0,0,0,0,0,0,0,0,0,0,0,0,0,0,0,0,0,0.0
3,LAS,LAS,WE,1,Y,W,W,W,25,7,32,12,4,13,3,17,4,6.0,0.0,coopemi01w,0,25,7,6,0,grginve01w,0,12,0,79,31,3,5,8,1,1,0,8,11,31,12,3,2,12,5,0,1,0,5,0,0,0,0,2,0,0,0,0,1,0,0,0,0,0,0,0.0
3,LAS,LAS,WE,1,Y,W,W,W,25,7,32,12,4,13,3,17,4,6.0,0.0,coopemi01w,0,25,7,6,0,hallvi01w,0,3,0,19,7,1,1,2,1,1,0,1,2,4,2,4,3,1,0,0,0,0,0,0,0,0,0,0,0,0,0,0,0,0,0,0,0,0,0,0.0
3,LAS,LAS,WE,1,Y,W,W,W,25,7,32,12,4,13,3,17,4,6.0,0.0,coopemi01w,0,25,7,6,0,leslili01w,0,31,31,1060,523,78,244,322,83,46,90,108,123,406,189,183,133,37,12,7,6,6,232,116,10,37,47,11,11,17,8,22,86,46,26,19,8,5,0,15.0
3,LAS,LAS,WE,1,Y,W,W,W,25,7,32,12,4,13,3,17,4,6.0,0.0,coopemi01w,0,25,7,6,0,mabikmw01w,0,32,32,1050,539,32,135,167,92,38,9,62,90,444,188,118,99,175,64,1,6,6,212,88,11,30,41,25,8,1,10,19,82,31,26,18,25,8,0,0.0
3,LAS,LAS,WE,1,Y,W,W,W,25,7,32,12,4,13,3,17,4,6.0,0.0,coopemi01w,0,25,7,6,0,mccrini01w,0,32,0,356,51,9,14,23,53,22,3,24,22,49,20,11,7,15,4,0,5,0,22,8,0,1,1,2,2,0,1,2,7,3,1,1,2,1,0,0.0
3,LAS,LAS,WE,1,Y,W,W,W,25,7,32,12,4,13,3,17,4,6.0,0.0,coopemi01w,0,25,7,6,0,miltode01w,0,32,25,966,362,65,146,211,45,50,35,94,122,271,132,104,77,50,21,3,6,3,204,78,9,32,41,8,10,9,11,22,60,27,16,15,16,9,0,0.0
3,LAS,LAS,WE,1,Y,W,W,W,25,7,32,12,4,13,3,17,4,6.0,0.0,coopemi01w,0,25,7,6,0,teaslni01w,0,32,32,882,204,17,67,84,140,25,9,68,63,166,67,40,30,100,40,1,6,6,184,49,3,10,13,47,9,1,22,22,42,14,19,16,22,5,1,0.0
3,LAS,LAS,WE,1,Y,W,W,W,25,7,32,12,4,13,3,17,4,6.0,0.0,coopemi01w,0,25,7,6,0,witheso01w,0,31,1,358,161,9,20,29,29,13,2,22,27,118,49,46,35,67,28,0,6,0,39,18,1,4,5,2,1,0,1,3,14,5,4,4,11,4,0,0.0
3,NYL,NYL,EA,1,Y,W,W,L,18,14,32,10,6,8,8,11,10,4.0,4.0,adubari99w,0,18,14,4,4,coopeca01w,0,23,1,119,27,5,11,16,3,4,5,10,28,28,11,8,5,0,0,0,3,0,15,3,1,1,2,0,2,0,2,3,2,1,2,1,0,0,0,0.0
3,NYL,NYL,EA,1,Y,W,W,L,18,14,32,10,6,8,8,11,10,4.0,4.0,adubari99w,0,18,14,4,4,frohlli01w,0,16,0,67,6,3,10,13,1,2,0,4,11,10,1,4,4,4,0,0,3,0,20,1,0,5,5,2,1,0,3,2,3,0,2,1,0,0,0,0.0
3,NYL,NYL,EA,1,Y,W,W,L,18,14,32,10,6,8,8,11,10,4.0,4.0,adubari99w,0,18,14,4,4,hammobe01w,0,32,1,659,256,18,50,68,54,25,0,55,49,197,87,56,38,114,44,0,8,0,183,79,2,15,17,16,5,0,11,12,54,29,8,7,33,14,0,0.0
3,NYL,NYL,EA,1,Y,W,W,L,18,14,32,10,6,8,8,11,10,4.0,4.0,adubari99w,0,18,14,4,4,hledeko01w,0,16,0,129,26,4,12,16,12,6,2,21,24,26,11,9,4,1,0,0,2,0,12,3,2,1,3,1,1,0,2,1,1,0,4,3,0,0,0,0.0
3,NYL,NYL,EA,1,Y,W,W,L,18,14,32,10,6,8,8,11,10,4.0,4.0,adubari99w,0,18,14,4,4,johnsvi01w,0,31,31,1028,359,42,67,109,86,27,4,45,60,305,139,61,49,76,32,0,8,8,244,98,8,22,30,24,7,0,11,10,75,36,16,12,27,14,0,0.0
3,NYL,NYL,EA,1,Y,W,W,L,18,14,32,10,6,8,8,11,10,4.0,4.0,adubari99w,0,18,14,4,4,ngoyibe01w,0,7,0,12,6,1,4,5,0,0,2,0,2,5,3,0,0,0,0,0,3,0,10,8,1,2,3,0,0,0,1,2,5,3,5,2,0,0,0,0.0
3,NYL,NYL,EA,1,Y,W,W,L,18,14,32,10,6,8,8,11,10,4.0,4.0,adubari99w,0,18,14,4,4,phillta01w,0,32,31,1009,451,69,154,223,41,58,14,93,113,373,183,126,85,2,0,2,8,8,249,115,16,31,47,10,9,4,19,26,91,45,35,25,3,0,0,0.0
3,NYL,NYL,EA,1,Y,W,W,L,18,14,32,10,6,8,8,11,10,4.0,4.0,adubari99w,0,18,14,4,4,robincr01w,0,32,32,1068,378,22,70,92,81,48,12,52,101,302,126,72,59,181,67,0,8,8,259,67,8,16,24,14,8,2,5,17,65,23,9,9,39,12,0,0.0
3,NYL,NYL,EA,1,Y,W,W,L,18,14,32,10,6,8,8,11,10,4.0,4.0,adubari99w,0,18,14,4,4,weathte01w,0,32,32,954,108,23,63,86,181,42,3,78,88,114,39,54,28,20,2,2,8,8,241,53,8,27,35,53,8,0,14,18,40,19,18,15,2,0,0,0.0
3,NYL,NYL,EA,1,Y,W,W,L,18,14,32,10,6,8,8,11,10,4.0,4.0,adubari99w,0,18,14,4,4,whitmta01w,0,32,32,977,406,43,98,141,23,27,43,49,102,310,148,150,110,1,0,1,8,8,271,129,8,28,36,10,3,4,9,20,93,51,37,26,3,1,0,0.0
3,NYL,NYL,EA,1,Y,W,W,L,18,14,32,10,6,8,8,11,10,4.0,4.0,adubari99w,0,18,14,4,4,wickssu01w,0,30,0,428,66,30,71,101,14,22,15,30,60,70,24,27,18,1,0,0,8,0,96,21,6,6,12,2,1,4,6,19,14,7,7,6,1,1,0,0.0
4,DET,DET,EA,1,Y,W,W,W,25,9,34,13,4,12,5,18,6,6.0,2.0,laimbbi01w,0,25,9,6,2,cashsw01w,0,33,33,1097,548,65,128,193,119,43,23,108,76,430,195,214,146,40,12,0,8,8,289,130,24,27,51,35,4,5,28,21,104,43,52,42,10,2,0,0.0
4,DET,DET,EA,1,Y,W,W,W,25,9,34,13,4,12,5,18,6,6.0,2.0,laimbbi01w,0,25,9,6,2,farriba01w,0,34,0,522,127,29,53,82,23,10,4,41,62,99,43,63,41,0,0,0,8,0,133,31,8,12,20,4,1,0,10,14,25,10,17,11,1,0,0,0.0
4,DET,DET,EA,1,Y,W,W,W,25,9,34,13,4,12,5,18,6,6.0,2.0,laimbbi01w,0,25,9,6,2,fordch01w,0,32,32,956,344,99,235,334,27,32,31,79,109,270,128,129,88,0,0,1,8,8,232,67,25,55,80,4,11,6,10,30,74,24,23,19,0,0,0,5.0
4,DET,DET,EA,1,Y,W,W,W,25,9,34,13,4,12,5,18,6,6.0,2.0,laimbbi01w,0,25,9,6,2,hollake01w,0,34,2,694,312,12,45,57,63,36,3,59,26,232,107,63,48,124,50,0,8,0,155,65,2,10,12,15,10,0,12,7,53,21,10,8,32,15,0,0.0
4,DET,DET,EA,1,Y,W,W,W,25,9,34,13,4,12,5,18,6,6.0,2.0,laimbbi01w,0,25,9,6,2,lambesh01w,0,27,1,187,87,10,18,28,14,5,0,29,15,66,24,41,32,16,7,0,7,0,14,5,0,2,2,1,0,0,4,3,6,2,0,0,3,1,0,0.0
4,DET,DET,EA,1,Y,W,W,W,25,9,34,13,4,12,5,18,6,6.0,2.0,laimbbi01w,0,25,9,6,2,mooreta01w,1,15,0,66,21,3,6,9,4,4,2,6,5,16,8,6,5,4,0,0,0,0,0,0,0,0,0,0,0,0,0,0,0,0,0,0,0,0,0,0.0
4,DET,DET,EA,1,Y,W,W,W,25,9,34,13,4,12,5,18,6,6.0,2.0,laimbbi01w,0,25,9,6,2,ndiayas01w,0,11,2,70,20,5,9,14,1,3,1,9,3,21,10,2,0,0,0,0,2,0,6,1,0,0,0,1,0,0,0,1,0,0,2,1,0,0,0,0.0
4,DET,DET,EA,1,Y,W,W,W,25,9,34,13,4,12,5,18,6,6.0,2.0,laimbbi01w,0,25,9,6,2,nolande01w,0,32,32,954,396,12,95,107,83,41,14,69,65,312,136,96,76,114,48,0,8,8,257,124,4,25,29,21,10,2,13,21,96,44,16,15,47,21,0,0.0
4,DET,DET,EA,1,Y,W,W,W,25,9,34,13,4,12,5,18,6,6.0,2.0,laimbbi01w,0,25,9,6,2,powelel01w,0,33,33,938,296,43,63,106,129,45,9,79,65,233,105,106,79,20,7,0,8,8,219,41,6,24,30,38,7,4,13,17,46,16,11,7,10,2,0,0.0
4,DET,DET,EA,1,Y,W,W,W,25,9,34,13,4,12,5,18,6,6.0,2.0,laimbbi01w,0,25,9,6,2,rileyru01w,0,34,34,995,327,59,142,201,64,25,58,82,128,231,115,127,97,0,0,2,8,8,258,103,15,34,49,20,5,20,13,26,106,41,26,21,0,0,0,8.0
4,DET,DET,EA,1,Y,W,W,W,25,9,34,13,4,12,5,18,6,6.0,2.0,laimbbi01w,0,25,9,6,2,thomast01w,2,11,0,82,15,5,11,16,5,9,1,6,10,16,5,11,4,5,1,0,4,0,13,0,0,3,3,0,1,0,1,1,1,0,0,0,0,0,0,0.0
4,DET,DET,EA,1,Y,W,W,W,25,9,34,13,4,12,5,18,6,6.0,2.0,laimbbi01w,0,25,9,6,2,ujhelpe01w,0,14,0,68,4,3,9,12,3,0,1,10,8,8,2,3,0,0,0,0,0,0,0,0,0,0,0,0,0,0,0,0,0,0,0,0,0,0,0,0.0
4,DET,DET,EA,1,Y,W,W,W,25,9,34,13,4,12,5,18,6,6.0,2.0,laimbbi01w,0,25,9,6,2,walkeay01w,0,34,1,271,56,34,37,71,10,10,11,19,33,70,24,21,8,0,0,0,4,0,24,5,3,3,6,0,4,1,1,0,5,1,3,3,0,0,0,0.0
4,LAS,LAS,WE,1,Y,W,W,L,24,10,34,11,6,13,4,17,7,5.0,4.0,coopemi01w,0,24,10,5,4,byearla01w,0,5,0,72,28,12,9,21,2,0,2,2,12,25,10,11,8,1,0,0,0,0,0,0,0,0,0,0,0,0,0,0,0,0,0,0,0,0,0,0.0
4,LAS,LAS,WE,1,Y,W,W,L,24,10,34,11,6,13,4,17,7,5.0,4.0,coopemi01w,0,24,10,5,4,dixonta01w,0,30,30,1042,412,41,85,126,89,35,10,69,83,364,159,94,83,52,11,0,9,9,316,110,8,21,29,29,14,2,11,27,94,40,27,26,12,4,0,0.0
4,LAS,LAS,WE,1,Y,W,W,L,24,10,34,11,6,13,4,17,7,5.0,4.0,coopemi01w,0,24,10,5,4,gilloje01w,0,33,10,397,103,18,37,55,21,16,3,9,65,97,40,21,16,26,7,1,6,0,22,0,0,1,1,0,1,1,0,5,5,0,0,0,0,0,0,0.0
4,LAS,LAS,WE,1,Y,W,W,L,24,10,34,11,6,13,4,17,7,5.0,4.0,coopemi01w,0,24,10,5,4,johnsch01w,0,8,0,45,6,2,4,6,3,0,1,4,6,5,1,4,3,5,1,0,0,0,0,0,0,0,0,0,0,0,0,0,0,0,0,0,0,0,0,0.0
4,LAS,LAS,WE,1,Y,W,W,L,24,10,34,11,6,13,4,17,7,5.0,4.0,coopemi01w,0,24,10,5,4,leslili01w,0,23,23,792,424,76,155,231,46,31,63,65,93,373,165,133,82,37,12,3,9,9,327,187,22,58,80,23,12,28,24,39,137,74,54,38,3,1,1,0.0
4,LAS,LAS,WE,1,Y,W,W,L,24,10,34,11,6,13,4,17,7,5.0,4.0,coopemi01w,0,24,10,5,4,mabikmw01w,0,32,30,1042,441,34,107,141,82,30,18,74,105,388,158,112,97,106,28,3,9,9,344,129,10,40,50,21,14,2,20,29,121,53,13,11,34,12,0,0.0
4,LAS,LAS,WE,1,Y,W,W,L,24,10,34,11,6,13,4,17,7,5.0,4.0,coopemi01w,0,24,10,5,4,mapprh01w,0,24,4,255,62,26,42,68,6,7,6,12,45,60,30,4,2,1,0,0,0,0,0,0,0,0,0,0,0,0,0,0,0,0,0,0,0,0,0,0.0
4,LAS,LAS,WE,1,Y,W,W,L,24,10,34,11,6,13,4,17,7,5.0,4.0,coopemi01w,0,24,10,5,4,mccrini01w,0,33,1,299,68,7,22,29,32,19,1,17,20,63,28,8,7,12,5,0,7,0,54,9,0,4,4,7,2,0,4,5,18,4,0,0,6,1,0,0.0
4,LAS,LAS,WE,1,Y,W,W,L,24,10,34,11,6,13,4,17,7,5.0,4.0,coopemi01w,0,24,10,5,4,miltode01w,0,31,30,1086,416,59,161,220,64,49,41,79,109,328,139,143,115,61,23,3,9,9,338,131,20,37,57,25,17,13,20,40,106,47,35,27,18,10,1,0.0
4,LAS,LAS,WE,1,Y,W,W,L,24,10,34,11,6,13,4,17,7,5.0,4.0,coopemi01w,0,24,10,5,4,moweje01w,0,1,0,21,0,0,1,1,0,0,1,1,3,2,0,0,0,0,0,0,0,0,0,0,0,0,0,0,0,0,0,0,0,0,0,0,0,0,0,0.0
4,LAS,LAS,WE,1,Y,W,W,L,24,10,34,11,6,13,4,17,7,5.0,4.0,coopemi01w,0,24,10,5,4,nygaava01w,0,11,3,168,41,11,8,19,5,3,0,4,22,36,16,4,3,17,6,1,5,0,24,8,3,2,5,0,1,1,1,1,5,3,0,0,2,2,0,0.0
4,LAS,LAS,WE,1,Y,W,W,L,24,10,34,11,6,13,4,17,7,5.0,4.0,coopemi01w,0,24,10,5,4,pridely01w,2,4,0,28,1,3,3,6,0,0,0,3,9,5,0,4,1,0,0,1,6,0,36,5,6,3,9,1,2,1,3,10,6,2,1,1,0,0,0,0.0
4,LAS,LAS,WE,1,Y,W,W,L,24,10,34,11,6,13,4,17,7,5.0,4.0,coopemi01w,0,24,10,5,4,teaslni01w,0,34,34,1189,392,30,145,175,214,39,15,108,68,288,112,112,98,165,70,0,9,9,312,70,11,29,40,71,12,0,27,23,67,22,20,16,45,10,0,7.0
4,LAS,LAS,WE,1,Y,W,W,L,24,10,34,11,6,13,4,17,7,5.0,4.0,coopemi01w,0,24,10,5,4,willish01w,0,25,3,229,49,11,21,32,19,6,0,7,25,53,19,14,10,16,1,0,4,0,13,0,0,0,0,0,0,0,0,2,0,0,0,0,0,0,0,0.0
4,LAS,LAS,WE,1,Y,W,W,L,24,10,34,11,6,13,4,17,7,5.0,4.0,coopemi01w,0,24,10,5,4,witheso01w,0,23,2,235,56,6,13,19,4,7,0,7,17,53,17,14,12,29,10,0,5,0,14,5,0,2,2,0,1,0,2,1,5,1,4,3,3,0,0,0.0
5,CON,CON,EA,1,Y,W,W,L,18,16,34,10,7,8,9,14,6,5.0,3.0,thibami99w,0,18,16,5,3,blackde01w,0,31,4,347,55,13,23,36,47,19,0,15,35,56,26,4,3,1,0,0,8,0,73,9,2,9,11,7,4,0,6,12,14,4,0,0,1,1,0,0.0
5,CON,CON,EA,1,Y,W,W,L,18,16,34,10,7,8,9,14,6,5.0,3.0,thibami99w,0,18,16,5,3,brungje01w,0,33,0,314,50,10,27,37,27,4,4,12,21,59,18,5,4,38,10,0,8,0,101,8,5,8,13,5,1,0,2,5,15,3,0,0,10,2,0,0.0
5,CON,CON,EA,1,Y,W,W,L,18,16,34,10,7,8,9,14,6,5.0,3.0,thibami99w,0,18,16,5,3,derevje01w,0,23,0,140,19,1,8,9,14,8,0,10,20,26,7,2,2,12,3,0,1,0,1,0,0,0,0,0,0,0,0,0,0,0,0,0,0,0,0,0.0
5,CON,CON,EA,1,Y,W,W,L,18,16,34,10,7,8,9,14,6,5.0,3.0,thibami99w,0,18,16,5,3,douglka01w,0,34,34,1120,364,33,99,132,90,50,13,52,73,321,125,77,61,153,53,0,8,8,268,82,9,23,32,22,10,0,16,19,66,23,27,25,37,11,0,0.0
5,CON,CON,EA,1,Y,W,W,L,18,16,34,10,7,8,9,14,6,5.0,3.0,thibami99w,0,18,16,5,3,futreca01w,0,20,0,144,42,7,12,19,10,5,1,7,20,38,11,16,13,17,7,0,2,0,3,2,0,0,0,0,0,0,0,0,1,1,0,0,0,0,0,0.0
5,CON,CON,EA,1,Y,W,W,L,18,16,34,10,7,8,9,14,6,5.0,3.0,thibami99w,0,18,16,5,3,jonesas01w,0,34,1,699,235,51,67,118,39,20,18,53,82,239,96,48,41,6,2,0,8,0,171,59,8,13,21,11,5,1,18,10,53,26,11,7,0,0,0,0.0
5,CON,CON,EA,1,Y,W,W,L,18,16,34,10,7,8,9,14,6,5.0,3.0,thibami99w,0,18,16,5,3,mcwilta01w,0,34,34,1133,413,83,161,244,63,48,45,73,96,352,168,128,77,12,0,1,8,8,252,83,19,40,59,15,12,6,13,22,87,35,18,12,2,1,0,0.0
5,CON,CON,EA,1,Y,W,W,L,18,16,34,10,7,8,9,14,6,5.0,3.0,thibami99w,0,18,16,5,3,palmewe01w,0,33,33,786,297,47,135,182,30,23,5,40,77,253,108,85,68,41,13,0,8,8,156,44,10,25,35,1,3,3,8,11,49,18,8,5,12,3,0,5.0
5,CON,CON,EA,1,Y,W,W,L,18,16,34,10,7,8,9,14,6,5.0,3.0,thibami99w,0,18,16,5,3,salesny01w,0,34,34,1096,517,33,102,135,97,75,8,76,98,486,210,77,56,129,41,0,8,8,260,118,12,31,43,11,25,6,20,22,102,44,22,15,29,15,0,0.0
5,CON,CON,EA,1,Y,W,W,L,18,16,34,10,7,8,9,14,6,5.0,3.0,thibami99w,0,18,16,5,3,whaleli01w,0,31,30,946,275,21,69,90,148,39,0,94,72,183,83,122,89,57,20,0,8,8,255,107,5,13,18,41,11,3,17,23,65,30,53,43,11,4,0,0.0
5,CON,CON,EA,1,Y,W,W,L,18,16,34,10,7,8,9,14,6,5.0,3.0,thibami99w,0,18,16,5,3,willile01w,0,23,0,175,68,22,21,43,7,8,2,12,16,38,24,26,20,1,0,0,8,0,60,17,8,11,19,1,0,1,3,4,18,7,4,3,0,0,0,0.0
5,SEA,SEA,WE,2,Y,W,W,W,20,14,34,13,4,7,10,13,9,6.0,2.0,donovan99w,0,20,14,6,2,barnead01w,0,34,2,402,67,33,30,63,31,23,2,24,38,69,21,31,22,6,3,0,6,0,39,7,4,4,8,5,3,1,1,10,11,3,4,1,0,0,0,0.0
5,SEA,SEA,WE,2,Y,W,W,W,20,14,34,13,4,7,10,13,9,6.0,2.0,donovan99w,0,20,14,6,2,beviltu01w,0,34,0,358,79,6,20,26,29,38,2,26,48,60,24,29,20,26,11,0,8,0,111,22,3,13,16,11,8,1,9,12,17,8,4,3,7,3,0,0.0
5,SEA,SEA,WE,2,Y,W,W,W,20,14,34,13,4,7,10,13,9,6.0,2.0,donovan99w,0,20,14,6,2,birdsu01w,0,34,34,1136,439,22,84,106,184,51,5,87,48,326,151,85,73,146,64,0,8,8,233,68,5,21,26,42,12,0,16,13,61,23,21,16,20,6,0,0.0
5,SEA,SEA,WE,2,Y,W,W,W,20,14,34,13,4,7,10,13,9,6.0,2.0,donovan99w,0,20,14,6,2,burseja01w,0,29,0,514,141,51,45,96,19,23,36,41,84,119,51,67,39,0,0,2,8,0,109,27,10,8,18,1,9,10,8,17,27,12,4,3,0,0,0,0.0
5,SEA,SEA,WE,2,Y,W,W,W,20,14,34,13,4,7,10,13,9,6.0,2.0,donovan99w,0,20,14,6,2,edwarsi01w,0,23,3,257,48,25,31,56,5,8,3,13,25,55,20,19,8,0,0,0,7,0,54,12,7,7,14,1,0,1,2,5,9,6,0,0,0,0,0,0.0
5,SEA,SEA,WE,2,Y,W,W,W,20,14,34,13,4,7,10,13,9,6.0,2.0,donovan99w,0,20,14,6,2,friertr01w,0,5,0,22,7,3,2,5,0,0,0,1,7,9,2,3,3,1,0,0,0,0,0,0,0,0,0,0,0,0,0,0,0,0,0,0,0,0,0,0.0
5,SEA,SEA,WE,2,Y,W,W,W,20,14,34,13,4,7,10,13,9,6.0,2.0,donovan99w,0,20,14,6,2,grecomi01w,0,13,0,73,29,3,7,10,8,3,0,8,6,18,10,13,9,2,0,0,4,0,6,2,0,0,0,1,0,0,1,0,1,1,0,0,0,0,0,0.0
5,SEA,SEA,WE,2,Y,W,W,W,20,14,34,13,4,7,10,13,9,6.0,2.0,donovan99w,0,20,14,6,2,jacksla01w,0,31,31,1070,634,64,143,207,51,31,62,67,93,460,220,175,142,115,52,0,8,8,287,157,20,40,60,11,8,9,16,23,113,53,39,35,22,16,0,0.0
5,SEA,SEA,WE,2,Y,W,W,W,20,14,34,13,4,7,10,13,9,6.0,2.0,donovan99w,0,20,14,6,2,lennobe01w,0,32,32,920,358,28,131,159,79,34,3,77,89,330,139,68,58,83,22,0,8,8,251,117,4,25,29,21,8,1,23,21,97,44,24,21,18,8,0,8.0
5,SEA,SEA,WE,2,Y,W,W,W,20,14,34,13,4,7,10,13,9,6.0,2.0,donovan99w,0,20,14,6,2,samsh01w,0,34,32,1018,310,42,97,139,82,53,6,63,108,284,117,76,65,42,11,1,8,8,248,59,13,31,44,28,10,0,25,21,76,25,9,6,12,3,0,0.0
5,SEA,SEA,WE,2,Y,W,W,W,20,14,34,13,4,7,10,13,9,6.0,2.0,donovan99w,0,20,14,6,2,thompal01w,0,23,2,182,52,8,16,24,9,6,0,7,9,54,24,2,1,16,3,0,8,0,83,39,6,9,15,6,2,1,7,6,33,15,3,3,12,6,0,0.0
5,SEA,SEA,WE,2,Y,W,W,W,20,14,34,13,4,7,10,13,9,6.0,2.0,donovan99w,0,20,14,6,2,vodicka01w,0,34,34,873,273,65,103,168,55,32,12,73,110,241,94,108,84,2,1,5,8,8,204,49,13,17,30,6,7,7,13,16,47,19,18,11,0,0,0,0.0
6,CON,CON,EA,1,Y,W,W,W,26,8,34,14,3,12,5,13,7,5.0,3.0,thibami99w,0,26,8,5,3,brungje01w,0,12,0,47,2,1,5,6,2,0,0,2,4,9,1,0,0,4,0,0,0,0,0,0,0,0,0,0,0,0,0,0,0,0,0,0,0,0,0,0.0
6,CON,CON,EA,1,Y,W,W,W,26,8,34,14,3,12,5,13,7,5.0,3.0,thibami99w,0,26,8,5,3,careyja01w,0,15,0,86,18,2,4,6,7,2,0,4,9,19,7,0,0,13,4,0,6,0,71,5,0,2,2,7,1,0,4,5,9,2,0,0,6,1,0,0.0
6,CON,CON,EA,1,Y,W,W,W,26,8,34,14,3,12,5,13,7,5.0,3.0,thibami99w,0,26,8,5,3,derevje01w,0,34,1,359,24,10,20,30,40,11,2,26,47,22,8,16,7,7,1,0,8,1,82,6,1,3,4,14,5,0,6,4,5,2,4,2,1,0,0,0.0
6,CON,CON,EA,1,Y,W,W,W,26,8,34,14,3,12,5,13,7,5.0,3.0,thibami99w,0,26,8,5,3,douglka01w,0,32,32,998,351,45,85,130,94,48,4,54,57,288,119,106,82,110,31,0,8,8,278,96,12,25,37,18,11,1,8,17,67,31,29,19,38,15,0,0.0
6,CON,CON,EA,1,Y,W,W,W,26,8,34,14,3,12,5,13,7,5.0,3.0,thibami99w,0,26,8,5,3,dydekma01w,0,31,30,671,225,27,168,195,38,8,71,47,62,162,87,65,50,2,1,0,8,8,146,36,8,34,42,4,3,13,16,19,38,14,11,7,1,1,0,0.0
6,CON,CON,EA,1,Y,W,W,W,26,8,34,14,3,12,5,13,7,5.0,3.0,thibami99w,0,26,8,5,3,jonesas01w,0,33,4,705,301,54,67,121,40,10,7,51,70,275,133,56,33,5,2,0,8,0,178,71,8,20,28,7,2,4,11,23,60,29,23,13,2,0,0,0.0
6,CON,CON,EA,1,Y,W,W,W,26,8,34,14,3,12,5,13,7,5.0,3.0,thibami99w,0,26,8,5,3,mcwilta01w,0,34,34,1083,471,78,170,248,65,37,25,59,80,364,180,136,107,18,4,1,8,8,284,127,22,53,75,13,9,11,16,23,94,48,38,30,3,1,0,0.0
6,CON,CON,EA,1,Y,W,W,W,26,8,34,14,3,12,5,13,7,5.0,3.0,thibami99w,0,26,8,5,3,salesny01w,0,34,34,1074,532,36,88,124,74,61,10,64,96,482,201,108,81,116,49,0,8,8,270,115,10,22,32,19,16,8,16,20,101,37,31,25,38,16,0,0.0
6,CON,CON,EA,1,Y,W,W,W,26,8,34,14,3,12,5,13,7,5.0,3.0,thibami99w,0,26,8,5,3,summela01w,0,11,0,43,10,5,5,10,3,2,0,4,11,9,3,5,4,0,0,0,2,0,2,0,0,0,0,0,0,0,0,0,0,0,0,0,0,0,0,0.0
6,CON,CON,EA,1,Y,W,W,W,26,8,34,14,3,12,5,13,7,5.0,3.0,thibami99w,0,26,8,5,3,whaleli01w,0,34,34,1047,411,29,99,128,172,42,2,89,90,290,135,156,125,46,16,0,7,7,220,78,6,18,24,23,6,1,20,11,57,19,48,37,15,3,0,0.0
6,CON,CON,EA,1,Y,W,W,W,26,8,34,14,3,12,5,13,7,5.0,3.0,thibami99w,0,26,8,5,3,willile01w,0,18,0,91,24,10,7,17,3,2,0,14,16,17,7,20,10,0,0,0,3,0,10,2,0,1,1,0,0,1,1,0,2,0,2,2,0,0,0,0.0
6,CON,CON,EA,1,Y,W,W,W,26,8,34,14,3,12,5,13,7,5.0,3.0,thibami99w,0,26,8,5,3,wyckobr01w,0,34,1,596,105,25,70,95,35,13,9,28,82,88,35,20,13,52,22,0,8,0,109,18,3,12,15,3,1,2,5,13,12,5,6,4,10,4,0,0.0
6,SAC,SAC,WE,1,Y,W,W,W,25,9,34,15,2,10,7,17,5,7.0,1.0,whisejo99w,0,25,9,7,1,brunsre01w,0,34,16,722,265,75,112,187,16,28,15,42,61,246,105,92,55,0,0,0,8,8,194,55,13,31,44,10,5,4,9,27,56,25,11,5,0,0,0,0.0
6,SAC,SAC,WE,1,Y,W,W,W,25,9,34,15,2,10,7,17,5,7.0,1.0,whisejo99w,0,25,9,7,1,feifesu01w,0,5,0,24,7,0,1,1,3,0,0,2,3,6,1,4,4,1,1,0,0,0,0,0,0,0,0,0,0,0,0,0,0,0,0,0,0,0,0,0.0
6,SAC,SAC,WE,1,Y,W,W,W,25,9,34,15,2,10,7,17,5,7.0,1.0,whisejo99w,0,25,9,7,1,griffyo01w,0,34,33,962,469,87,136,223,52,42,31,68,98,357,173,174,123,0,0,0,8,8,246,138,27,39,66,11,10,4,10,20,108,53,45,32,0,0,0,8.0
6,SAC,SAC,WE,1,Y,W,W,W,25,9,34,15,2,10,7,17,5,7.0,1.0,whisejo99w,0,25,9,7,1,haynikr01w,0,30,0,434,104,19,43,62,43,33,1,35,41,117,40,23,19,32,5,0,8,0,103,18,4,10,14,8,8,0,4,8,19,7,6,4,1,0,0,0.0
6,SAC,SAC,WE,1,Y,W,W,W,25,9,34,15,2,10,7,17,5,7.0,1.0,whisejo99w,0,25,9,7,1,lawsoka01w,0,24,1,508,192,7,26,33,37,13,3,22,28,148,65,31,26,81,36,0,8,2,208,90,2,27,29,18,8,1,11,9,67,29,18,17,29,15,0,0.0
6,SAC,SAC,WE,1,Y,W,W,W,25,9,34,15,2,10,7,17,5,7.0,1.0,whisejo99w,0,25,9,7,1,maigaha01w,0,34,0,408,129,31,36,67,30,24,6,42,69,131,59,35,11,0,0,0,8,0,82,30,5,8,13,4,5,3,8,16,26,13,6,4,0,0,1,0.0
6,SAC,SAC,WE,1,Y,W,W,W,25,9,34,15,2,10,7,17,5,7.0,1.0,whisejo99w,0,25,9,7,1,miaomi01w,0,18,0,135,31,0,4,4,13,5,1,15,13,30,9,7,7,20,6,0,0,0,0,0,0,0,0,0,0,0,0,0,0,0,0,0,0,0,0,0.0
6,SAC,SAC,WE,1,Y,W,W,W,25,9,34,15,2,10,7,17,5,7.0,1.0,whisejo99w,0,25,9,7,1,newtoch01w,0,34,34,715,148,32,34,66,55,24,9,37,102,149,60,36,22,25,6,0,8,8,182,46,4,10,14,8,2,0,11,19,42,18,12,8,4,2,0,0.0
6,SAC,SAC,WE,1,Y,W,W,W,25,9,34,15,2,10,7,17,5,7.0,1.0,whisejo99w,0,25,9,7,1,penicti01w,0,34,33,927,195,8,89,97,149,48,6,67,64,172,54,100,79,41,8,0,6,6,162,32,2,22,24,31,6,1,14,9,31,10,15,12,4,0,0,0.0
6,SAC,SAC,WE,1,Y,W,W,W,25,9,34,15,2,10,7,17,5,7.0,1.0,whisejo99w,0,25,9,7,1,powelni01w,0,34,34,988,364,32,92,124,62,39,16,44,83,317,120,72,58,159,66,0,8,8,257,88,2,18,20,15,7,1,12,16,78,30,10,8,42,20,0,0.0
6,SAC,SAC,WE,1,Y,W,W,W,25,9,34,15,2,10,7,17,5,7.0,1.0,whisejo99w,0,25,9,7,1,scottol01w,0,18,0,170,38,17,16,33,5,4,2,22,27,39,14,20,10,0,0,0,7,0,38,9,2,5,7,5,0,1,3,8,8,4,2,1,0,0,0,0.0
6,SAC,SAC,WE,1,Y,W,W,W,25,9,34,15,2,10,7,17,5,7.0,1.0,whisejo99w,0,25,9,7,1,walkede01w,0,22,19,598,311,47,70,117,48,28,13,69,66,234,125,93,60,1,1,1,6,0,165,61,7,11,18,21,3,0,17,19,52,26,12,9,0,0,0,0.0
7,DET,DET,EA,2,Y,W,W,W,23,11,34,14,3,9,8,14,6,7.0,3.0,laimbbi01w,0,23,11,7,3,batteja01w,0,26,1,178,36,13,12,25,7,2,3,4,21,54,15,7,4,14,2,0,4,0,9,0,0,0,0,1,0,0,0,1,2,0,0,0,1,0,0,0.0
7,DET,DET,EA,2,Y,W,W,W,23,11,34,14,3,9,8,14,6,7.0,3.0,laimbbi01w,0,23,11,7,3,braxtka01w,0,34,1,359,146,42,75,117,26,11,11,53,83,143,58,48,30,2,0,1,10,0,123,50,8,20,28,6,8,4,18,27,52,22,11,6,0,0,0,0.0
7,DET,DET,EA,2,Y,W,W,W,23,11,34,14,3,9,8,14,6,7.0,3.0,laimbbi01w,0,23,11,7,3,cashsw01w,0,34,34,990,358,63,105,168,106,20,11,88,85,323,124,143,109,13,1,0,10,10,265,76,19,42,61,32,3,3,22,22,80,29,25,18,3,0,0,0.0
7,DET,DET,EA,2,Y,W,W,W,23,11,34,14,3,9,8,14,6,7.0,3.0,laimbbi01w,0,23,11,7,3,fordch01w,0,32,32,920,443,130,233,363,45,38,25,58,114,315,157,199,129,0,0,0,10,10,287,134,33,70,103,12,13,7,19,40,88,46,56,42,0,0,0,0.0
7,DET,DET,EA,2,Y,W,W,W,23,11,34,14,3,9,8,14,6,7.0,3.0,laimbbi01w,0,23,11,7,3,hollake01w,0,34,0,397,140,12,28,40,43,23,2,40,29,142,51,16,10,84,28,0,8,0,33,0,1,2,3,5,1,0,4,5,8,0,0,0,6,0,0,0.0
7,DET,DET,EA,2,Y,W,W,W,23,11,34,14,3,9,8,14,6,7.0,3.0,laimbbi01w,0,23,11,7,3,nolande01w,0,34,34,1088,468,32,121,153,124,47,11,86,79,425,172,100,85,113,39,1,10,10,357,178,8,33,41,39,16,2,27,19,148,72,30,25,21,9,0,8.0
7,DET,DET,EA,2,Y,W,W,W,23,11,34,14,3,9,8,14,6,7.0,3.0,laimbbi01w,0,23,11,7,3,osipoir01w,0,2,0,12,2,1,0,1,0,0,0,1,1,0,0,2,2,0,0,0,9,0,116,21,3,6,9,11,6,0,13,16,19,9,7,3,1,0,0,0.0
7,DET,DET,EA,2,Y,W,W,W,23,11,34,14,3,9,8,14,6,7.0,3.0,laimbbi01w,0,23,11,7,3,paliesa01w,0,11,0,51,12,4,0,4,6,1,1,10,9,25,5,0,0,5,2,0,0,0,0,0,0,0,0,0,0,0,0,0,0,0,0,0,0,0,0,0.0
7,DET,DET,EA,2,Y,W,W,W,23,11,34,14,3,9,8,14,6,7.0,3.0,laimbbi01w,0,23,11,7,3,pierspl01w,0,34,0,565,220,44,88,132,24,18,14,37,84,180,82,80,56,3,0,0,10,0,189,88,17,37,54,17,6,9,14,27,61,26,51,36,0,0,0,0.0
7,DET,DET,EA,2,Y,W,W,W,23,11,34,14,3,9,8,14,6,7.0,3.0,laimbbi01w,0,23,11,7,3,powelel01w,2,11,0,120,14,7,6,13,15,3,0,9,9,16,3,14,8,2,0,0,0,0,0,0,0,0,0,0,0,0,0,0,0,0,0,0,0,0,0,0.0
7,DET,DET,EA,2,Y,W,W,W,23,11,34,14,3,9,8,14,6,7.0,3.0,laimbbi01w,0,23,11,7,3,rileyru01w,0,34,34,875,249,36,129,165,52,18,49,54,110,252,115,18,16,9,3,2,10,10,225,44,12,20,32,5,5,13,15,27,52,20,4,4,0,0,0,0.0
7,DET,DET,EA,2,Y,W,W,W,23,11,34,14,3,9,8,14,6,7.0,3.0,laimbbi01w,0,23,11,7,3,smithka01w,0,34,34,1137,398,19,73,92,112,25,4,65,78,302,123,102,93,161,59,0,10,10,371,147,7,18,25,40,5,0,24,29,117,51,34,25,50,20,0,6.0
7,DET,DET,EA,2,Y,W,W,W,23,11,34,14,3,9,8,14,6,7.0,3.0,laimbbi01w,0,23,11,7,3,willian01w,0,21,0,133,41,3,10,13,12,7,6,15,9,43,14,17,11,8,2,0,6,0,25,10,3,1,4,0,2,1,2,4,12,5,0,0,2,0,0,0.0
7,SAC,SAC,WE,2,Y,W,W,L,21,13,34,14,3,7,10,10,10,6.0,3.0,whisejo99w,0,21,13,6,3,brunsre01w,0,34,14,597,232,77,114,191,17,21,15,40,65,204,94,75,44,0,0,0,9,0,154,54,9,23,32,5,3,6,9,16,54,18,28,18,1,0,0,0.0
7,SAC,SAC,WE,2,Y,W,W,L,21,13,34,14,3,7,10,10,10,6.0,3.0,whisejo99w,0,21,13,6,3,griffyo01w,0,34,34,854,407,87,132,219,56,44,16,66,74,293,134,185,139,1,0,0,9,9,237,133,28,36,64,16,10,5,10,23,97,47,51,39,0,0,0,6.0
7,SAC,SAC,WE,2,Y,W,W,L,21,13,34,14,3,7,10,10,10,6.0,3.0,whisejo99w,0,21,13,6,3,haynikr01w,0,34,0,476,140,20,47,67,68,27,2,46,50,151,55,25,21,30,9,0,9,0,126,52,3,14,17,18,8,0,9,15,45,21,5,5,17,5,0,0.0
7,SAC,SAC,WE,2,Y,W,W,L,21,13,34,14,3,7,10,10,10,6.0,3.0,whisejo99w,0,21,13,6,3,lawsoka01w,0,34,6,749,277,11,54,65,56,20,4,43,37,242,96,39,36,123,49,0,9,9,289,110,14,17,31,14,9,1,12,14,87,39,14,11,48,21,0,0.0
7,SAC,SAC,WE,2,Y,W,W,L,21,13,34,14,3,7,10,10,10,6.0,3.0,whisejo99w,0,21,13,6,3,maigaha01w,0,34,7,537,177,35,38,73,30,32,9,45,80,158,75,48,27,1,0,1,9,0,118,36,8,7,15,12,6,1,10,23,42,16,5,4,0,0,0,0.0
7,SAC,SAC,WE,2,Y,W,W,L,21,13,34,14,3,7,10,10,10,6.0,3.0,whisejo99w,0,21,13,6,3,penicti01w,0,34,34,846,183,10,81,91,116,58,2,67,56,171,58,77,61,31,6,0,9,9,213,45,0,21,21,34,11,0,11,14,51,15,17,11,14,4,0,4.0
7,SAC,SAC,WE,2,Y,W,W,L,21,13,34,14,3,7,10,10,10,6.0,3.0,whisejo99w,0,21,13,6,3,powelni01w,0,34,34,886,327,25,106,131,61,42,15,47,82,309,116,49,40,156,55,0,9,9,254,106,8,33,41,14,14,1,13,26,74,39,13,11,34,17,0,0.0
7,SAC,SAC,WE,2,Y,W,W,L,21,13,34,14,3,7,10,10,10,6.0,3.0,whisejo99w,0,21,13,6,3,smithki01w,0,31,0,313,74,11,28,39,20,9,0,22,33,84,28,9,5,32,13,0,5,0,11,4,0,2,2,0,0,0,2,0,2,1,2,1,2,1,0,0.0
7,SAC,SAC,WE,2,Y,W,W,L,21,13,34,14,3,7,10,10,10,6.0,3.0,whisejo99w,0,21,13,6,3,walkede01w,0,23,8,438,213,55,37,92,32,15,7,36,53,181,79,84,55,0,0,1,9,9,220,95,22,15,37,23,6,5,20,24,93,41,23,13,0,0,0,0.0
7,SAC,SAC,WE,2,Y,W,W,L,21,13,34,14,3,7,10,10,10,6.0,3.0,whisejo99w,0,21,13,6,3,wilkibr01w,0,4,0,14,6,0,0,0,1,0,0,2,5,7,3,0,0,0,0,0,0,0,0,0,0,0,0,0,0,0,0,0,0,0,0,0,0,0,0,0.0
8,DET,DET,EA,1,Y,W,W,L,24,10,34,12,5,12,5,14,6,6.0,5.0,laimbbi01w,0,24,10,6,5,braxtka01w,0,31,20,545,207,54,112,166,16,14,16,62,91,188,84,58,39,0,0,2,11,0,170,77,21,39,60,5,3,8,20,29,64,30,24,17,1,0,0,0.0
8,DET,DET,EA,1,Y,W,W,L,24,10,34,12,5,12,5,14,6,6.0,5.0,laimbbi01w,0,24,10,6,5,cashsw01w,0,31,31,959,344,54,135,189,79,19,13,81,70,307,126,121,92,3,0,0,11,11,277,95,16,26,42,18,5,2,18,23,91,41,23,13,3,0,0,0.0
8,DET,DET,EA,1,Y,W,W,L,24,10,34,12,5,12,5,14,6,6.0,5.0,laimbbi01w,0,24,10,6,5,fordch01w,0,15,15,460,195,48,120,168,22,28,11,42,54,143,71,83,53,0,0,0,10,8,228,69,33,59,92,4,5,3,14,32,65,27,33,15,1,0,0,7.0
8,DET,DET,EA,1,Y,W,W,L,24,10,34,12,5,12,5,14,6,6.0,5.0,laimbbi01w,0,24,10,6,5,johnssh01w,0,33,8,559,193,18,43,61,56,20,2,40,68,166,57,61,50,70,29,0,11,1,186,57,8,17,25,28,5,2,13,13,53,19,13,10,26,9,0,0.0
8,DET,DET,EA,1,Y,W,W,L,24,10,34,12,5,12,5,14,6,6.0,5.0,laimbbi01w,0,24,10,6,5,lattaiv01w,0,31,1,221,93,4,15,19,20,8,2,16,24,87,34,7,3,49,22,0,10,0,47,19,0,3,3,3,2,0,2,3,19,5,6,4,15,5,0,0.0
8,DET,DET,EA,1,Y,W,W,L,24,10,34,12,5,12,5,14,6,6.0,5.0,laimbbi01w,0,24,10,6,5,millsta01w,0,5,1,51,15,10,8,18,2,0,0,6,11,21,6,4,3,0,0,0,0,0,0,0,0,0,0,0,0,0,0,0,0,0,0,0,0,0,0,0.0
8,DET,DET,EA,1,Y,W,W,L,24,10,34,12,5,12,5,14,6,6.0,5.0,laimbbi01w,0,24,10,6,5,nolande01w,0,34,34,1175,553,35,113,148,132,49,12,82,69,480,221,79,65,117,46,0,11,11,412,208,10,59,69,45,9,3,21,29,188,80,30,27,47,21,0,0.0
8,DET,DET,EA,1,Y,W,W,L,24,10,34,12,5,12,5,14,6,6.0,5.0,laimbbi01w,0,24,10,6,5,pierspl01w,0,34,0,858,396,70,127,197,59,26,29,79,110,312,149,130,98,5,0,5,11,1,281,123,32,47,79,18,7,12,28,43,109,46,41,30,2,1,2,6.0
8,DET,DET,EA,1,Y,W,W,L,24,10,34,12,5,12,5,14,6,6.0,5.0,laimbbi01w,0,24,10,6,5,powelel01w,0,32,12,323,60,11,23,34,44,12,2,29,33,54,22,23,16,0,0,0,11,3,94,10,2,9,11,12,5,0,8,8,9,3,4,4,0,0,0,0.0
8,DET,DET,EA,1,Y,W,W,L,24,10,34,12,5,12,5,14,6,6.0,5.0,laimbbi01w,0,24,10,6,5,sandeam01w,0,6,0,9,2,0,2,2,0,0,0,2,3,2,0,4,2,0,0,0,0,0,0,0,0,0,0,0,0,0,0,0,0,0,0,0,0,0,0,0.0
8,DET,DET,EA,1,Y,W,W,L,24,10,34,12,5,12,5,14,6,6.0,5.0,laimbbi01w,0,24,10,6,5,smithka01w,0,34,34,1166,450,18,110,128,124,42,3,59,81,355,128,157,133,196,61,0,11,11,393,134,7,28,35,40,8,2,25,32,132,45,25,19,73,25,1,0.0
8,DET,DET,EA,1,Y,W,W,L,24,10,34,12,5,12,5,14,6,6.0,5.0,laimbbi01w,0,24,10,6,5,smithty01w,0,1,0,7,1,1,1,2,0,1,0,0,0,2,0,2,1,0,0,0,1,0,0,0,0,0,0,0,0,0,0,0,0,0,0,0,0,0,0,0.0
8,DET,DET,EA,1,Y,W,W,L,24,10,34,12,5,12,5,14,6,6.0,5.0,laimbbi01w,0,24,10,6,5,tilliic01w,2,8,1,26,4,2,5,7,1,0,0,7,3,6,2,0,0,2,0,0,0,0,0,0,0,0,0,0,0,0,0,0,0,0,0,0,0,0,0,0.0
8,DET,DET,EA,1,Y,W,W,L,24,10,34,12,5,12,5,14,6,6.0,5.0,laimbbi01w,0,24,10,6,5,walkeay01w,0,2,1,43,7,0,6,6,1,1,2,6,8,7,3,3,1,0,0,1,5,0,9,6,1,4,5,1,0,0,0,2,3,2,3,2,0,0,0,0.0
8,PHO,PHO,WE,1,Y,W,W,W,23,11,34,12,5,11,6,17,5,7.0,2.0,westhpa99w,0,23,11,7,2,derevje01w,0,23,0,200,36,5,18,23,24,6,1,16,18,30,13,11,9,10,1,0,1,0,2,0,0,0,0,0,0,0,0,0,0,0,0,0,0,0,0,0.0
8,PHO,PHO,WE,1,Y,W,W,W,23,11,34,12,5,11,6,17,5,7.0,2.0,westhpa99w,0,23,11,7,2,lacyje01w,0,20,0,94,35,10,9,19,2,3,0,10,26,29,12,18,10,3,1,0,1,0,3,2,0,0,0,0,0,0,0,2,2,1,2,0,0,0,0,0.0
8,PHO,PHO,WE,1,Y,W,W,W,23,11,34,12,5,11,6,17,5,7.0,2.0,westhpa99w,0,23,11,7,2,mazzake01w,0,34,3,488,182,11,45,56,38,26,2,20,28,165,64,15,15,114,39,0,9,0,131,58,7,11,18,6,4,0,1,9,45,19,2,2,42,18,0,0.0
8,PHO,PHO,WE,1,Y,W,W,W,23,11,34,12,5,11,6,17,5,7.0,2.0,westhpa99w,0,23,11,7,2,mckivte01w,0,2,0,5,0,0,1,1,0,0,1,0,1,0,0,2,0,0,0,0,0,0,0,0,0,0,0,0,0,0,0,0,0,0,0,0,0,0,0,0.0
8,PHO,PHO,WE,1,Y,W,W,W,23,11,34,12,5,11,6,17,5,7.0,2.0,westhpa99w,0,23,11,7,2,milleke01w,0,34,34,1040,321,47,121,168,156,42,5,86,94,240,115,82,64,70,27,1,9,9,297,105,19,29,48,32,12,1,18,18,77,35,33,27,26,8,0,0.0
8,PHO,PHO,WE,1,Y,W,W,W,23,11,34,12,5,11,6,17,5,7.0,2.0,westhpa99w,0,23,11,7,2,moisead01w,0,4,0,31,7,3,4,7,3,3,0,10,2,5,2,2,2,1,1,0,0,0,0,0,0,0,0,0,0,0,0,0,0,0,0,0,0,0,0,0.0
8,PHO,PHO,WE,1,Y,W,W,W,23,11,34,12,5,11,6,17,5,7.0,2.0,westhpa99w,0,23,11,7,2,pondeca01w,0,31,31,966,532,15,97,112,123,29,8,69,59,448,193,135,110,108,36,0,9,9,300,215,11,32,43,52,11,1,17,14,160,74,63,55,38,12,0,8.0
8,PHO,PHO,WE,1,Y,W,W,W,23,11,34,12,5,11,6,17,5,7.0,2.0,westhpa99w,0,23,11,7,2,schumke01w,0,34,0,543,151,29,118,147,12,17,25,34,66,125,57,46,34,7,3,0,9,0,118,11,15,14,29,3,4,8,5,17,31,5,2,1,0,0,0,0.0
8,PHO,PHO,WE,1,Y,W,W,W,23,11,34,12,5,11,6,17,5,7.0,2.0,westhpa99w,0,23,11,7,2,scottol01w,0,8,0,32,8,2,2,4,2,3,1,3,6,7,1,8,6,0,0,0,1,0,2,0,0,0,0,0,0,0,0,0,1,0,0,0,0,0,0,0.0
8,PHO,PHO,WE,1,Y,W,W,W,23,11,34,12,5,11,6,17,5,7.0,2.0,westhpa99w,0,23,11,7,2,smithta01w,0,34,34,1072,428,54,166,220,44,40,56,56,101,399,165,99,78,61,20,1,9,9,286,105,16,54,70,15,9,16,13,32,91,37,20,16,31,15,0,0.0
8,PHO,PHO,WE,1,Y,W,W,W,23,11,34,12,5,11,6,17,5,7.0,2.0,westhpa99w,0,23,11,7,2,snellbe01w,0,30,2,343,107,12,34,46,44,20,4,18,31,106,37,11,7,79,26,0,8,0,52,13,6,3,9,7,1,0,2,9,23,4,2,1,18,4,0,0.0
8,PHO,PHO,WE,1,Y,W,W,W,23,11,34,12,5,11,6,17,5,7.0,2.0,westhpa99w,0,23,11,7,2,tauradi01w,0,32,32,1025,613,18,117,135,137,45,34,84,106,468,206,127,106,259,95,1,9,9,299,179,6,33,39,27,13,7,18,31,127,64,26,19,82,32,1,0.0
8,PHO,PHO,WE,1,Y,W,W,W,23,11,34,12,5,11,6,17,5,7.0,2.0,westhpa99w,0,23,11,7,2,taylope01w,0,34,34,1010,605,73,141,214,98,51,22,77,120,397,198,198,175,90,34,2,9,9,311,174,24,47,71,34,16,10,25,33,112,52,68,62,20,8,0,0.0
9,DET,DET,EA,1,Y,W,W,W,22,12,34,14,3,8,9,16,4,7.0,2.0,laimbbi01w,0,22,12,7,2,braxtka01w,0,33,10,590,295,48,120,168,27,14,24,54,84,258,107,109,81,2,0,1,9,9,180,77,20,28,48,9,4,5,17,22,64,32,20,13,0,0,0,0.0
9,DET,DET,EA,1,Y,W,W,W,22,12,34,14,3,8,9,16,4,7.0,2.0,laimbbi01w,0,22,12,7,2,fordch01w,0,24,24,637,243,74,134,208,22,24,9,23,70,185,89,116,65,0,0,0,0,0,0,0,0,0,0,0,0,0,0,0,0,0,0,0,0,0,0,0.0
9,DET,DET,EA,1,Y,W,W,W,22,12,34,14,3,8,9,16,4,7.0,2.0,laimbbi01w,0,22,12,7,2,givench01w,0,3,0,10,2,0,0,0,2,0,0,2,2,2,0,2,2,0,0,0,0,0,0,0,0,0,0,0,0,0,0,0,0,0,0,0,0,0,0,0.0
9,DET,DET,EA,1,Y,W,W,W,22,12,34,14,3,8,9,16,4,7.0,2.0,laimbbi01w,0,22,12,7,2,hornbal01w,0,34,0,747,184,53,85,138,71,79,10,49,97,178,63,66,42,45,16,1,9,0,220,57,12,32,44,19,11,7,12,21,42,18,20,15,16,6,0,0.0
9,DET,DET,EA,1,Y,W,W,W,22,12,34,14,3,8,9,16,4,7.0,2.0,laimbbi01w,0,22,12,7,2,humphta01w,1,22,16,297,160,25,38,63,22,13,6,24,59,124,62,22,21,39,15,2,0,0,0,0,0,0,0,0,0,0,0,0,0,0,0,0,0,0,0,0.0
9,DET,DET,EA,1,Y,W,W,W,22,12,34,14,3,8,9,16,4,7.0,2.0,laimbbi01w,0,22,12,7,2,liebena01w,0,1,0,9,0,0,0,0,2,0,0,2,0,1,0,0,0,0,0,0,0,0,0,0,0,0,0,0,0,0,0,0,0,0,0,0,0,0,0,0.0
9,DET,DET,EA,1,Y,W,W,W,22,12,34,14,3,8,9,16,4,7.0,2.0,laimbbi01w,0,22,12,7,2,lovelst01w,2,7,2,44,10,1,6,7,1,1,0,4,6,7,2,6,4,5,2,0,0,0,0,0,0,0,0,0,0,0,0,0,0,0,0,0,0,0,0,0.0
9,DET,DET,EA,1,Y,W,W,W,22,12,34,14,3,8,9,16,4,7.0,2.0,laimbbi01w,0,22,12,7,2,mcwilta01w,2,7,7,185,75,17,30,47,13,3,5,9,18,64,27,22,20,1,1,0,9,9,293,116,19,44,63,19,9,12,17,22,98,48,22,19,2,1,0,0.0
9,DET,DET,EA,1,Y,W,W,W,22,12,34,14,3,8,9,16,4,7.0,2.0,laimbbi01w,0,22,12,7,2,murphsh01w,2,13,3,122,33,8,13,21,7,6,2,9,16,40,12,6,4,19,5,0,0,0,0,0,0,0,0,0,0,0,0,0,0,0,0,0,0,0,0,0.0
9,DET,DET,EA,1,Y,W,W,W,22,12,34,14,3,8,9,16,4,7.0,2.0,laimbbi01w,0,22,12,7,2,nolande01w,0,34,34,1144,538,26,107,133,150,42,10,73,68,465,216,73,63,115,43,1,9,9,349,158,8,33,41,26,19,3,24,24,156,56,33,31,44,15,0,0.0
9,DET,DET,EA,1,Y,W,W,W,22,12,34,14,3,8,9,16,4,7.0,2.0,laimbbi01w,0,22,12,7,2,pierspl01w,0,28,0,649,332,64,72,136,63,24,34,48,99,267,122,117,88,2,0,1,6,0,107,47,7,11,18,10,4,2,11,12,38,18,13,11,0,0,0,0.0
9,DET,DET,EA,1,Y,W,W,W,22,12,34,14,3,8,9,16,4,7.0,2.0,laimbbi01w,0,22,12,7,2,powelel01w,0,16,16,313,58,18,32,50,35,6,1,18,21,49,24,12,9,2,1,0,9,9,171,29,3,18,21,18,6,0,13,29,17,10,11,9,0,0,1,0.0
9,DET,DET,EA,1,Y,W,W,W,22,12,34,14,3,8,9,16,4,7.0,2.0,laimbbi01w,0,22,12,7,2,samsh01w,0,32,15,478,92,29,62,91,38,19,3,31,36,110,34,26,18,21,6,0,6,0,30,6,1,2,3,0,1,0,0,2,7,2,2,2,0,0,0,0.0
9,DET,DET,EA,1,Y,W,W,W,22,12,34,14,3,8,9,16,4,7.0,2.0,laimbbi01w,0,22,12,7,2,sanniol01w,0,31,9,325,106,26,38,64,6,11,7,40,59,82,41,37,24,1,0,0,9,0,66,16,5,11,16,3,3,0,4,11,16,7,4,2,0,0,0,0.0
9,DET,DET,EA,1,Y,W,W,W,22,12,34,14,3,8,9,16,4,7.0,2.0,laimbbi01w,0,22,12,7,2,schumke01w,0,7,0,89,14,4,16,20,5,2,3,8,13,16,6,2,2,2,0,0,8,0,95,14,5,19,24,3,1,3,3,13,16,7,0,0,2,0,0,0.0
9,DET,DET,EA,1,Y,W,W,W,22,12,34,14,3,8,9,16,4,7.0,2.0,laimbbi01w,0,22,12,7,2,shielas01w,2,7,0,44,22,0,3,3,2,1,0,6,3,22,8,4,3,9,3,0,3,0,4,2,0,0,0,1,1,0,0,2,5,1,0,0,0,0,0,0.0
9,DET,DET,EA,1,Y,W,W,W,22,12,34,14,3,8,9,16,4,7.0,2.0,laimbbi01w,0,22,12,7,2,smithka01w,0,34,34,1152,500,10,84,94,137,32,3,80,70,410,157,124,110,211,76,0,9,9,309,138,4,32,36,22,4,1,16,21,117,48,33,25,48,17,0,8.0
9,DET,DET,EA,1,Y,W,W,W,22,12,34,14,3,8,9,16,4,7.0,2.0,laimbbi01w,0,22,12,7,2,smithwa01w,0,1,0,0,0,0,0,0,0,0,0,0,0,0,0,0,0,0,0,0,0,0,0,0,0,0,0,0,0,0,0,0,0,0,0,0,0,0,0,0.0
9,DET,DET,EA,1,Y,W,W,W,22,12,34,14,3,8,9,16,4,7.0,2.0,laimbbi01w,0,22,12,7,2,thomala01w,1,7,0,40,8,2,3,5,1,1,1,2,3,15,4,0,0,2,0,0,0,0,0,0,0,0,0,0,0,0,0,0,0,0,0,0,0,0,0,0.0
9,SAS,SAS,WE,1,Y,W,W,L,24,10,34,15,2,9,8,10,10,4.0,5.0,hugheda99w,0,24,10,4,5,atunrmo01w,0,33,0,348,71,16,32,48,23,16,13,26,21,87,24,16,11,41,12,0,8,0,44,10,0,7,7,4,1,1,1,4,8,4,2,0,4,2,0,0.0
9,SAS,SAS,WE,1,Y,W,W,L,24,10,34,15,2,9,8,10,10,4.0,5.0,hugheda99w,0,24,10,4,5,berezva01w,0,2,0,6,0,0,0,0,0,0,0,0,2,2,0,0,0,1,0,0,0,0,0,0,0,0,0,0,0,0,0,0,0,0,0,0,0,0,0,0.0
9,SAS,SAS,WE,1,Y,W,W,L,24,10,34,15,2,9,8,10,10,4.0,5.0,hugheda99w,0,24,10,4,5,darlihe01w,0,31,14,580,108,13,60,73,54,33,3,45,67,123,33,38,30,60,12,0,6,0,53,12,3,4,7,5,3,0,7,8,13,5,0,0,7,2,0,0.0
9,SAS,SAS,WE,1,Y,W,W,L,24,10,34,15,2,9,8,10,10,4.0,5.0,hugheda99w,0,24,10,4,5,hammobe01w,0,33,33,1101,582,13,78,91,161,43,7,104,60,438,171,174,163,220,77,0,9,9,331,163,2,19,21,41,9,5,31,14,107,45,57,51,48,22,0,0.0
9,SAS,SAS,WE,1,Y,W,W,L,24,10,34,15,2,9,8,10,10,4.0,5.0,hugheda99w,0,24,10,4,5,irvinsa01w,0,21,0,116,26,10,26,36,2,3,5,7,19,28,9,11,7,4,1,0,3,0,4,2,1,0,1,1,0,1,0,0,3,1,0,0,0,0,0,0.0
9,SAS,SAS,WE,1,Y,W,W,L,24,10,34,15,2,9,8,10,10,4.0,5.0,hugheda99w,0,24,10,4,5,johnsvi01w,0,32,32,892,213,39,130,169,115,26,5,49,42,198,87,36,28,39,11,0,9,9,274,75,10,32,42,28,9,0,19,13,65,32,11,7,10,4,0,0.0
9,SAS,SAS,WE,1,Y,W,W,L,24,10,34,15,2,9,8,10,10,4.0,5.0,hugheda99w,0,24,10,4,5,lawsoed01w,0,30,1,280,100,9,22,31,26,12,0,25,29,80,36,9,6,47,22,0,5,0,84,25,3,9,12,9,3,0,5,5,22,7,4,4,15,7,0,0.0
9,SAS,SAS,WE,1,Y,W,W,L,24,10,34,15,2,9,8,10,10,4.0,5.0,hugheda99w,0,24,10,4,5,rileyru01w,0,30,3,580,153,14,94,108,31,14,41,52,101,145,63,21,18,28,9,2,9,1,154,18,5,14,19,10,4,8,13,26,33,7,4,3,9,1,0,0.0
9,SAS,SAS,WE,1,Y,W,W,L,24,10,34,15,2,9,8,10,10,4.0,5.0,hugheda99w,0,24,10,4,5,rossad01w,0,4,0,7,2,0,1,1,0,0,0,0,2,2,0,2,2,0,0,0,2,0,3,0,0,0,0,1,0,0,0,1,0,0,0,0,0,0,0,0.0
9,SAS,SAS,WE,1,Y,W,W,L,24,10,34,15,2,9,8,10,10,4.0,5.0,hugheda99w,0,24,10,4,5,wautean01w,0,32,31,980,471,47,192,239,56,36,38,70,75,366,195,98,70,31,11,0,9,9,300,121,13,39,52,14,6,12,17,26,108,48,27,24,12,1,0,0.0
9,SAS,SAS,WE,1,Y,W,W,L,24,10,34,15,2,9,8,10,10,4.0,5.0,hugheda99w,0,24,10,4,5,wilkibr01w,0,1,0,0,0,0,0,0,0,0,0,0,0,0,0,0,0,0,0,0,2,0,4,0,0,0,0,0,2,0,0,0,0,0,0,0,0,0,0,0.0
9,SAS,SAS,WE,1,Y,W,W,L,24,10,34,15,2,9,8,10,10,4.0,5.0,hugheda99w,0,24,10,4,5,youngso01w,0,33,33,1054,576,52,134,186,75,53,17,57,86,433,207,206,162,3,0,1,9,9,325,159,16,37,53,15,14,1,19,17,125,57,60,45,1,0,0,0.0
10,IND,IND,EA,1,Y,W,W,L,22,12,34,14,3,8,9,17,5,6.0,4.0,dunnli99wc,0,22,12,6,4,beviltu01w,0,34,32,861,209,12,67,79,97,62,8,48,76,181,68,54,36,107,37,0,10,10,224,53,5,18,23,20,12,1,11,25,53,18,10,7,32,10,0,0.0
10,IND,IND,EA,1,Y,W,W,L,22,12,34,14,3,8,9,17,5,6.0,4.0,dunnli99wc,0,22,12,6,4,catchta01w,0,34,34,1084,512,86,159,245,107,99,18,88,92,407,157,181,158,122,40,0,10,10,357,172,24,80,104,54,33,14,34,34,122,56,60,51,36,9,1,7.0
10,IND,IND,EA,1,Y,W,W,L,22,12,34,14,3,8,9,17,5,6.0,4.0,dunnli99wc,0,22,12,6,4,davenje01w,0,27,0,181,72,15,25,40,6,7,14,21,38,55,29,20,14,0,0,0,9,0,55,37,1,10,11,3,2,8,3,9,25,14,11,9,0,0,0,0.0
10,IND,IND,EA,1,Y,W,W,L,22,12,34,14,3,8,9,17,5,6.0,4.0,dunnli99wc,0,22,12,6,4,dixonta01w,0,32,1,424,132,10,41,51,37,12,3,27,45,134,55,21,18,10,4,0,10,0,62,21,2,5,7,2,1,0,5,5,26,9,5,3,2,0,0,0.0
10,IND,IND,EA,1,Y,W,W,L,22,12,34,14,3,8,9,17,5,6.0,4.0,dunnli99wc,0,22,12,6,4,douglka01w,0,31,31,1003,547,24,96,120,85,56,7,75,45,459,188,122,105,189,66,0,10,10,361,155,14,21,35,40,14,6,19,14,141,51,43,35,58,18,0,0.0
10,IND,IND,EA,1,Y,W,W,L,22,12,34,14,3,8,9,17,5,6.0,4.0,dunnli99wc,0,22,12,6,4,griffyo01w,0,3,0,41,19,4,3,7,0,0,2,3,6,12,6,9,7,0,0,0,0,0,0,0,0,0,0,0,0,0,0,0,0,0,0,0,0,0,0,0.0
10,IND,IND,EA,1,Y,W,W,L,22,12,34,14,3,8,9,17,5,6.0,4.0,dunnli99wc,0,22,12,6,4,hoffmeb01w,0,34,34,1005,338,56,143,199,52,57,12,82,106,313,122,77,69,72,25,3,10,10,295,119,11,37,48,8,11,5,18,38,85,47,22,19,15,6,0,0.0
10,IND,IND,EA,1,Y,W,W,L,22,12,34,14,3,8,9,17,5,6.0,4.0,dunnli99wc,0,22,12,6,4,januabr01w,0,33,4,683,227,23,40,63,77,36,3,57,78,192,64,87,74,87,25,1,10,0,228,106,7,17,24,30,4,0,13,23,78,30,40,34,29,12,0,0.0
10,IND,IND,EA,1,Y,W,W,L,22,12,34,14,3,8,9,17,5,6.0,4.0,dunnli99wc,0,22,12,6,4,mooreje01w,0,31,9,613,148,40,56,96,14,19,6,32,85,121,57,46,34,1,0,0,10,0,120,22,9,8,17,3,5,2,3,24,24,8,8,6,0,0,1,0.0
10,IND,IND,EA,1,Y,W,W,L,22,12,34,14,3,8,9,17,5,6.0,4.0,dunnli99wc,0,22,12,6,4,murphsh01w,0,24,0,186,100,23,19,42,10,6,2,9,30,89,34,26,21,32,11,0,4,0,9,0,1,1,2,1,0,0,0,2,5,0,0,0,2,0,0,0.0
10,IND,IND,EA,1,Y,W,W,L,22,12,34,14,3,8,9,17,5,6.0,4.0,dunnli99wc,0,22,12,6,4,suttota01w,0,27,25,680,266,44,114,158,23,15,40,49,76,204,95,102,76,0,0,2,10,10,311,143,15,41,56,5,9,14,30,30,106,56,45,31,0,0,0,0.0
10,IND,IND,EA,1,Y,W,W,L,22,12,34,14,3,8,9,17,5,6.0,4.0,dunnli99wc,0,22,12,6,4,whiteer01w,0,2,0,18,2,0,2,2,4,1,1,0,1,6,1,0,0,3,0,0,0,0,0,0,0,0,0,0,0,0,0,0,0,0,0,0,0,0,0,0.0
10,IND,IND,EA,1,Y,W,W,L,22,12,34,14,3,8,9,17,5,6.0,4.0,dunnli99wc,0,22,12,6,4,whittkh01w,0,3,0,25,12,2,3,5,2,0,0,0,2,10,6,0,0,0,0,0,0,0,0,0,0,0,0,0,0,0,0,0,0,0,0,0,0,0,0,0.0
10,IND,IND,EA,1,Y,W,W,L,22,12,34,14,3,8,9,17,5,6.0,4.0,dunnli99wc,0,22,12,6,4,wirthch01w,0,21,0,120,22,3,12,15,13,3,1,3,12,29,8,1,1,14,5,0,5,0,27,6,0,3,3,2,0,0,2,4,7,3,0,0,2,0,0,0.0
10,PHO,PHO,WE,1,Y,W,W,W,23,11,34,12,5,11,6,13,7,7.0,4.0,gaineco01w,0,23,11,7,4,bonnede01w,0,34,0,724,381,70,126,196,13,23,25,34,70,278,127,154,125,13,2,0,11,0,186,97,17,30,47,3,5,6,7,13,69,34,35,29,1,0,0,6.0
10,PHO,PHO,WE,1,Y,W,W,W,23,11,34,12,5,11,6,13,7,7.0,4.0,gaineco01w,0,23,11,7,4,johnste01w,0,34,34,901,328,8,112,120,157,29,4,76,79,281,125,50,42,87,36,1,11,11,267,83,4,17,21,34,8,2,17,27,76,30,12,10,27,13,0,0.0
10,PHO,PHO,WE,1,Y,W,W,W,23,11,34,12,5,11,6,13,7,7.0,4.0,gaineco01w,0,23,11,7,4,mazzake01w,0,31,2,433,106,7,33,40,17,10,3,10,42,99,36,3,3,88,31,0,4,0,14,0,0,2,2,0,0,0,1,0,2,0,0,0,1,0,0,0.0
10,PHO,PHO,WE,1,Y,W,W,W,23,11,34,12,5,11,6,13,7,7.0,4.0,gaineco01w,0,23,11,7,4,ohldeni01w,0,21,0,311,109,19,40,59,6,5,20,29,55,71,38,46,33,0,0,1,11,0,150,29,9,21,30,4,4,3,10,21,22,14,5,1,0,0,0,0.0
10,PHO,PHO,WE,1,Y,W,W,W,23,11,34,12,5,11,6,13,7,7.0,4.0,gaineco01w,0,23,11,7,4,pondeca01w,0,34,34,1075,648,32,112,144,171,31,12,86,99,513,236,151,133,120,43,0,11,11,340,200,11,29,40,39,13,0,16,26,164,76,44,39,36,9,0,0.0
10,PHO,PHO,WE,1,Y,W,W,W,23,11,34,12,5,11,6,13,7,7.0,4.0,gaineco01w,0,23,11,7,4,quiglal01w,0,6,0,32,10,1,4,5,1,0,0,5,6,8,3,2,2,4,2,0,0,0,0,0,0,0,0,0,0,0,0,0,0,0,0,0,0,0,0,0.0
10,PHO,PHO,WE,1,Y,W,W,W,23,11,34,12,5,11,6,13,7,7.0,4.0,gaineco01w,0,23,11,7,4,smithbr01w,0,21,0,144,21,11,24,35,3,2,3,7,30,15,7,8,7,0,0,0,1,0,6,4,0,0,0,0,1,0,0,1,2,2,0,0,0,0,0,0.0
10,PHO,PHO,WE,1,Y,W,W,W,23,11,34,12,5,11,6,13,7,7.0,4.0,gaineco01w,0,23,11,7,4,smithta01w,0,34,34,920,336,35,148,183,27,34,57,37,107,304,137,23,20,93,42,4,11,11,290,109,14,50,64,9,15,9,7,38,76,40,12,9,38,20,0,0.0
10,PHO,PHO,WE,1,Y,W,W,W,23,11,34,12,5,11,6,13,7,7.0,4.0,gaineco01w,0,23,11,7,4,swanike01w,0,33,0,388,93,7,46,53,54,15,3,46,34,88,33,18,16,33,11,0,9,0,91,20,2,7,9,13,2,0,7,10,27,8,0,0,11,4,0,0.0
10,PHO,PHO,WE,1,Y,W,W,W,23,11,34,12,5,11,6,13,7,7.0,4.0,gaineco01w,0,23,11,7,4,tauradi01w,0,31,31,976,631,18,160,178,109,36,43,82,95,434,200,170,152,194,79,0,11,11,362,245,9,56,65,42,8,14,33,41,182,82,56,50,85,31,2,18.0
10,PHO,PHO,WE,1,Y,W,W,W,23,11,34,12,5,11,6,13,7,7.0,4.0,gaineco01w,0,23,11,7,4,taylope01w,0,14,1,283,153,12,22,34,32,18,2,31,32,108,50,48,43,25,10,0,11,0,265,157,10,28,38,37,4,2,12,23,93,49,51,44,31,15,0,0.0
10,PHO,PHO,WE,1,Y,W,W,W,23,11,34,12,5,11,6,13,7,7.0,4.0,gaineco01w,0,23,11,7,4,willile01w,0,34,34,713,340,64,79,143,35,22,9,46,91,255,136,79,67,8,1,0,11,11,254,90,21,27,48,10,4,5,14,26,65,35,24,20,1,0,0,0.0
