bioID,year,stint_y,total_award_score,tmID,franchID,confID,rank,playoff,firstRound,semis,finals,won_team,lost_team,GP_x,homeW,homeL,awayW,awayL,confW,confL,W,L,coachID,stint_x,won_coach,lost_coach,post_wins,post_losses,GP_y,GS,PostGP,PostGS,weighted_score,post_weighted_score,playoffNextYear,prev_bioID,prev_stint_y,prev_total_award_score,prev_franchID,prev_confID,prev_rank,prev_firstRound,prev_semis,prev_finals,prev_won_team,prev_lost_team,prev_GP_x,prev_homeW,prev_homeL,prev_awayW,prev_awayL,prev_confW,prev_confL,prev_W,prev_L,prev_coachID,prev_stint_x,prev_won_coach,prev_lost_coach,prev_post_wins,prev_post_losses,prev_GP_y,prev_GS,prev_PostGP,prev_PostGS,prev_weighted_score,prev_post_weighted_score,prev_playoffNextYear
bristre01w,2,0,0.0,CHA,CHA,EA,4,1,W,W,L,18,14,32,11,5,7,9,15,6,4.0,4.0,donovan99w,0,18,14,4,4,1,0,0,0,1.25,0.0,1.0,anderke01w,0.0,0.0,CHA,EA,4.0,W,W,L,18.0,14.0,32.0,11.0,5.0,7.0,9.0,15.0,6.0,4.0,4.0,donovan99w,0.0,18.0,14.0,4.0,4.0,18.0,0.0,2.0,0.0,33.85,1.85,1.0
edwarto01w,2,2,0.0,CHA,CHA,EA,4,1,W,W,L,18,14,32,11,5,7,9,15,6,4.0,4.0,donovan99w,0,18,14,4,4,22,0,8,0,157.50000000000003,42.85,1.0,bristre01w,0.0,0.0,CHA,EA,4.0,W,W,L,18.0,14.0,32.0,11.0,5.0,7.0,9.0,15.0,6.0,4.0,4.0,donovan99w,0.0,18.0,14.0,4.0,4.0,1.0,0.0,0.0,0.0,1.25,0.0,1.0
enissh01w,2,0,0.0,CHA,CHA,EA,4,1,W,W,L,18,14,32,11,5,7,9,15,6,4.0,4.0,donovan99w,0,18,14,4,4,32,11,8,0,279.2,47.050000000000004,1.0,edwarto01w,2.0,0.0,CHA,EA,4.0,W,W,L,18.0,14.0,32.0,11.0,5.0,7.0,9.0,15.0,6.0,4.0,4.0,donovan99w,0.0,18.0,14.0,4.0,4.0,22.0,0.0,8.0,0.0,157.50000000000003,42.85,1.0
erbsu01w,2,0,0.0,CHA,CHA,EA,4,1,W,W,L,18,14,32,11,5,7,9,15,6,4.0,4.0,donovan99w,0,18,14,4,4,18,0,4,0,74.49999999999999,7.6499999999999995,1.0,enissh01w,0.0,0.0,CHA,EA,4.0,W,W,L,18.0,14.0,32.0,11.0,5.0,7.0,9.0,15.0,6.0,4.0,4.0,donovan99w,0.0,18.0,14.0,4.0,4.0,32.0,11.0,8.0,0.0,279.2,47.050000000000004,1.0
feastal01w,2,0,0.0,CHA,CHA,EA,4,1,W,W,L,18,14,32,11,5,7,9,15,6,4.0,4.0,donovan99w,0,18,14,4,4,32,32,8,8,501.4500000000001,107.29999999999998,1.0,erbsu01w,0.0,0.0,CHA,EA,4.0,W,W,L,18.0,14.0,32.0,11.0,5.0,7.0,9.0,15.0,6.0,4.0,4.0,donovan99w,0.0,18.0,14.0,4.0,4.0,18.0,0.0,4.0,0.0,74.49999999999999,7.6499999999999995,1.0
machacl01w,2,0,0.0,CHA,CHA,EA,4,1,W,W,L,18,14,32,11,5,7,9,15,6,4.0,4.0,donovan99w,0,18,14,4,4,30,8,8,0,254.75,54.40000000000001,1.0,feastal01w,0.0,0.0,CHA,EA,4.0,W,W,L,18.0,14.0,32.0,11.0,5.0,7.0,9.0,15.0,6.0,4.0,4.0,donovan99w,0.0,18.0,14.0,4.0,4.0,32.0,32.0,8.0,8.0,501.4500000000001,107.29999999999998,1.0
milleke01w,2,0,0.0,CHA,CHA,EA,4,1,W,W,L,18,14,32,11,5,7,9,15,6,4.0,4.0,donovan99w,0,18,14,4,4,26,0,2,0,91.69999999999999,1.9000000000000001,1.0,machacl01w,0.0,0.0,CHA,EA,4.0,W,W,L,18.0,14.0,32.0,11.0,5.0,7.0,9.0,15.0,6.0,4.0,4.0,donovan99w,0.0,18.0,14.0,4.0,4.0,30.0,8.0,8.0,0.0,254.75,54.40000000000001,1.0
smithch02w,2,0,0.0,CHA,CHA,EA,4,1,W,W,L,18,14,32,11,5,7,9,15,6,4.0,4.0,donovan99w,0,18,14,4,4,30,24,8,8,288.75,93.4,1.0,milleke01w,0.0,0.0,CHA,EA,4.0,W,W,L,18.0,14.0,32.0,11.0,5.0,7.0,9.0,15.0,6.0,4.0,4.0,donovan99w,0.0,18.0,14.0,4.0,4.0,26.0,0.0,2.0,0.0,91.69999999999999,1.9000000000000001,1.0
staleda01w,2,0,0.0,CHA,CHA,EA,4,1,W,W,L,18,14,32,11,5,7,9,15,6,4.0,4.0,donovan99w,0,18,14,4,4,32,32,8,8,475.4,129.65,1.0,smithch02w,0.0,0.0,CHA,EA,4.0,W,W,L,18.0,14.0,32.0,11.0,5.0,7.0,9.0,15.0,6.0,4.0,4.0,donovan99w,0.0,18.0,14.0,4.0,4.0,30.0,24.0,8.0,8.0,288.75,93.4,1.0
stinsan01w,2,0,0.0,CHA,CHA,EA,4,1,W,W,L,18,14,32,11,5,7,9,15,6,4.0,4.0,donovan99w,0,18,14,4,4,32,32,8,8,534.0,134.39999999999998,1.0,staleda01w,0.0,0.0,CHA,EA,4.0,W,W,L,18.0,14.0,32.0,11.0,5.0,7.0,9.0,15.0,6.0,4.0,4.0,donovan99w,0.0,18.0,14.0,4.0,4.0,32.0,32.0,8.0,8.0,475.4,129.65,1.0
suttota01w,2,0,0.0,CHA,CHA,EA,4,1,W,W,L,18,14,32,11,5,7,9,15,6,4.0,4.0,donovan99w,0,18,14,4,4,29,21,8,8,289.59999999999997,80.25,1.0,stinsan01w,0.0,0.0,CHA,EA,4.0,W,W,L,18.0,14.0,32.0,11.0,5.0,7.0,9.0,15.0,6.0,4.0,4.0,donovan99w,0.0,18.0,14.0,4.0,4.0,32.0,32.0,8.0,8.0,534.0,134.39999999999998,1.0
anderke01w,3,0,0.0,CHA,CHA,EA,2,1,L,,,18,14,32,11,5,7,9,12,9,0.0,2.0,donovan99w,0,18,14,0,2,7,0,0,0,13.35,0.0,1.0,suttota01w,0.0,0.0,CHA,EA,4.0,W,W,L,18.0,14.0,32.0,11.0,5.0,7.0,9.0,15.0,6.0,4.0,4.0,donovan99w,0.0,18.0,14.0,4.0,4.0,29.0,21.0,8.0,8.0,289.59999999999997,80.25,1.0
brungje01w,5,0,0.0,CON,CON,EA,1,1,W,W,L,18,16,34,10,7,8,9,14,6,5.0,3.0,thibami99w,0,18,16,5,3,33,0,8,0,116.25000000000001,31.450000000000003,1.0,blackde01w,0.0,0.0,CON,EA,1.0,W,W,L,18.0,16.0,34.0,10.0,7.0,8.0,9.0,14.0,6.0,5.0,3.0,thibami99w,0.0,18.0,16.0,5.0,3.0,31.0,4.0,8.0,0.0,124.25,24.849999999999994,1.0
derevje01w,5,0,0.0,CON,CON,EA,1,1,W,W,L,18,16,34,10,7,8,9,14,6,5.0,3.0,thibami99w,0,18,16,5,3,23,0,1,0,48.05,0.2,1.0,brungje01w,0.0,0.0,CON,EA,1.0,W,W,L,18.0,16.0,34.0,10.0,7.0,8.0,9.0,14.0,6.0,5.0,3.0,thibami99w,0.0,18.0,16.0,5.0,3.0,33.0,0.0,8.0,0.0,116.25000000000001,31.450000000000003,1.0
douglka01w,5,0,0.0,CON,CON,EA,1,1,W,W,L,18,16,34,10,7,8,9,14,6,5.0,3.0,thibami99w,0,18,16,5,3,34,34,8,8,534.2,124.7,1.0,derevje01w,0.0,0.0,CON,EA,1.0,W,W,L,18.0,16.0,34.0,10.0,7.0,8.0,9.0,14.0,6.0,5.0,3.0,thibami99w,0.0,18.0,16.0,5.0,3.0,23.0,0.0,1.0,0.0,48.05,0.2,1.0
futreca01w,5,0,0.0,CON,CON,EA,1,1,W,W,L,18,16,34,10,7,8,9,14,6,5.0,3.0,thibami99w,0,18,16,5,3,20,0,2,0,67.70000000000002,1.6500000000000001,1.0,douglka01w,0.0,0.0,CON,EA,1.0,W,W,L,18.0,16.0,34.0,10.0,7.0,8.0,9.0,14.0,6.0,5.0,3.0,thibami99w,0.0,18.0,16.0,5.0,3.0,34.0,34.0,8.0,8.0,534.2,124.7,1.0
jonesas01w,5,0,0.0,CON,CON,EA,1,1,W,W,L,18,16,34,10,7,8,9,14,6,5.0,3.0,thibami99w,0,18,16,5,3,34,1,8,0,323.35,73.44999999999999,1.0,futreca01w,0.0,0.0,CON,EA,1.0,W,W,L,18.0,16.0,34.0,10.0,7.0,8.0,9.0,14.0,6.0,5.0,3.0,thibami99w,0.0,18.0,16.0,5.0,3.0,20.0,0.0,2.0,0.0,67.70000000000002,1.6500000000000001,1.0
mcwilta01w,5,0,0.0,CON,CON,EA,1,1,W,W,L,18,16,34,10,7,8,9,14,6,5.0,3.0,thibami99w,0,18,16,5,3,34,34,8,8,566.25,121.64999999999999,1.0,jonesas01w,0.0,0.0,CON,EA,1.0,W,W,L,18.0,16.0,34.0,10.0,7.0,8.0,9.0,14.0,6.0,5.0,3.0,thibami99w,0.0,18.0,16.0,5.0,3.0,34.0,1.0,8.0,0.0,323.35,73.44999999999999,1.0
palmewe01w,5,0,5.0,CON,CON,EA,1,1,W,W,L,18,16,34,10,7,8,9,14,6,5.0,3.0,thibami99w,0,18,16,5,3,33,33,8,8,400.85,68.95,1.0,mcwilta01w,0.0,0.0,CON,EA,1.0,W,W,L,18.0,16.0,34.0,10.0,7.0,8.0,9.0,14.0,6.0,5.0,3.0,thibami99w,0.0,18.0,16.0,5.0,3.0,34.0,34.0,8.0,8.0,566.25,121.64999999999999,1.0
salesny01w,5,0,0.0,CON,CON,EA,1,1,W,W,L,18,16,34,10,7,8,9,14,6,5.0,3.0,thibami99w,0,18,16,5,3,34,34,8,8,608.45,144.69999999999996,1.0,palmewe01w,0.0,5.0,CON,EA,1.0,W,W,L,18.0,16.0,34.0,10.0,7.0,8.0,9.0,14.0,6.0,5.0,3.0,thibami99w,0.0,18.0,16.0,5.0,3.0,33.0,33.0,8.0,8.0,400.85,68.95,1.0
whaleli01w,5,0,0.0,CON,CON,EA,1,1,W,W,L,18,16,34,10,7,8,9,14,6,5.0,3.0,thibami99w,0,18,16,5,3,31,30,8,8,420.25000000000006,137.15,1.0,salesny01w,0.0,0.0,CON,EA,1.0,W,W,L,18.0,16.0,34.0,10.0,7.0,8.0,9.0,14.0,6.0,5.0,3.0,thibami99w,0.0,18.0,16.0,5.0,3.0,34.0,34.0,8.0,8.0,608.45,144.69999999999996,1.0
willile01w,5,0,0.0,CON,CON,EA,1,1,W,W,L,18,16,34,10,7,8,9,14,6,5.0,3.0,thibami99w,0,18,16,5,3,23,0,8,0,89.45,27.1,1.0,whaleli01w,0.0,0.0,CON,EA,1.0,W,W,L,18.0,16.0,34.0,10.0,7.0,8.0,9.0,14.0,6.0,5.0,3.0,thibami99w,0.0,18.0,16.0,5.0,3.0,31.0,30.0,8.0,8.0,420.25000000000006,137.15,1.0
brungje01w,6,0,0.0,CON,CON,EA,1,1,W,W,W,26,8,34,14,3,12,5,13,7,5.0,3.0,thibami99w,0,26,8,5,3,12,0,0,0,13.25,0.0,1.0,willile01w,0.0,0.0,CON,EA,1.0,W,W,L,18.0,16.0,34.0,10.0,7.0,8.0,9.0,14.0,6.0,5.0,3.0,thibami99w,0.0,18.0,16.0,5.0,3.0,23.0,0.0,8.0,0.0,89.45,27.1,1.0
careyja01w,6,0,0.0,CON,CON,EA,1,1,W,W,W,26,8,34,14,3,12,5,13,7,5.0,3.0,thibami99w,0,26,8,5,3,15,0,6,0,33.24999999999999,20.0,1.0,brungje01w,0.0,0.0,CON,EA,1.0,W,W,W,26.0,8.0,34.0,14.0,3.0,12.0,5.0,13.0,7.0,5.0,3.0,thibami99w,0.0,26.0,8.0,5.0,3.0,12.0,0.0,0.0,0.0,13.25,0.0,1.0
derevje01w,6,0,0.0,CON,CON,EA,1,1,W,W,W,26,8,34,14,3,12,5,13,7,5.0,3.0,thibami99w,0,26,8,5,3,34,1,8,1,106.1,24.599999999999998,1.0,careyja01w,0.0,0.0,CON,EA,1.0,W,W,W,26.0,8.0,34.0,14.0,3.0,12.0,5.0,13.0,7.0,5.0,3.0,thibami99w,0.0,26.0,8.0,5.0,3.0,15.0,0.0,6.0,0.0,33.24999999999999,20.0,1.0
douglka01w,6,0,0.0,CON,CON,EA,1,1,W,W,W,26,8,34,14,3,12,5,13,7,5.0,3.0,thibami99w,0,26,8,5,3,32,32,8,8,491.6,137.0,1.0,derevje01w,0.0,0.0,CON,EA,1.0,W,W,W,26.0,8.0,34.0,14.0,3.0,12.0,5.0,13.0,7.0,5.0,3.0,thibami99w,0.0,26.0,8.0,5.0,3.0,34.0,1.0,8.0,1.0,106.1,24.599999999999998,1.0
dydekma01w,6,0,0.0,CON,CON,EA,1,1,W,W,W,26,8,34,14,3,12,5,13,7,5.0,3.0,thibami99w,0,26,8,5,3,31,30,8,8,346.1000000000001,65.35000000000001,1.0,douglka01w,0.0,0.0,CON,EA,1.0,W,W,W,26.0,8.0,34.0,14.0,3.0,12.0,5.0,13.0,7.0,5.0,3.0,thibami99w,0.0,26.0,8.0,5.0,3.0,32.0,32.0,8.0,8.0,491.6,137.0,1.0
jonesas01w,6,0,0.0,CON,CON,EA,1,1,W,W,W,26,8,34,14,3,12,5,13,7,5.0,3.0,thibami99w,0,26,8,5,3,33,4,8,0,353.35,88.2,1.0,dydekma01w,0.0,0.0,CON,EA,1.0,W,W,W,26.0,8.0,34.0,14.0,3.0,12.0,5.0,13.0,7.0,5.0,3.0,thibami99w,0.0,26.0,8.0,5.0,3.0,31.0,30.0,8.0,8.0,346.1000000000001,65.35000000000001,1.0
mcwilta01w,6,0,0.0,CON,CON,EA,1,1,W,W,W,26,8,34,14,3,12,5,13,7,5.0,3.0,thibami99w,0,26,8,5,3,34,34,8,8,587.7500000000001,159.1,1.0,jonesas01w,0.0,0.0,CON,EA,1.0,W,W,W,26.0,8.0,34.0,14.0,3.0,12.0,5.0,13.0,7.0,5.0,3.0,thibami99w,0.0,26.0,8.0,5.0,3.0,33.0,4.0,8.0,0.0,353.35,88.2,1.0
salesny01w,6,0,0.0,CON,CON,EA,1,1,W,W,W,26,8,34,14,3,12,5,13,7,5.0,3.0,thibami99w,0,26,8,5,3,34,34,8,8,610.6500000000001,148.24999999999997,1.0,mcwilta01w,0.0,0.0,CON,EA,1.0,W,W,W,26.0,8.0,34.0,14.0,3.0,12.0,5.0,13.0,7.0,5.0,3.0,thibami99w,0.0,26.0,8.0,5.0,3.0,34.0,34.0,8.0,8.0,587.7500000000001,159.1,1.0
summela01w,6,0,0.0,CON,CON,EA,1,1,W,W,W,26,8,34,14,3,12,5,13,7,5.0,3.0,thibami99w,0,26,8,5,3,11,0,2,0,18.700000000000003,0.4,1.0,salesny01w,0.0,0.0,CON,EA,1.0,W,W,W,26.0,8.0,34.0,14.0,3.0,12.0,5.0,13.0,7.0,5.0,3.0,thibami99w,0.0,26.0,8.0,5.0,3.0,34.0,34.0,8.0,8.0,610.6500000000001,148.24999999999997,1.0
whaleli01w,6,0,0.0,CON,CON,EA,1,1,W,W,W,26,8,34,14,3,12,5,13,7,5.0,3.0,thibami99w,0,26,8,5,3,34,34,7,7,540.2499999999999,107.44999999999997,1.0,summela01w,0.0,0.0,CON,EA,1.0,W,W,W,26.0,8.0,34.0,14.0,3.0,12.0,5.0,13.0,7.0,5.0,3.0,thibami99w,0.0,26.0,8.0,5.0,3.0,11.0,0.0,2.0,0.0,18.700000000000003,0.4,1.0
willile01w,6,0,0.0,CON,CON,EA,1,1,W,W,W,26,8,34,14,3,12,5,13,7,5.0,3.0,thibami99w,0,26,8,5,3,18,0,3,0,37.35,3.9000000000000004,1.0,whaleli01w,0.0,0.0,CON,EA,1.0,W,W,W,26.0,8.0,34.0,14.0,3.0,12.0,5.0,13.0,7.0,5.0,3.0,thibami99w,0.0,26.0,8.0,5.0,3.0,34.0,34.0,7.0,7.0,540.2499999999999,107.44999999999997,1.0
wyckobr01w,6,0,0.0,CON,CON,EA,1,1,W,W,W,26,8,34,14,3,12,5,13,7,5.0,3.0,thibami99w,0,26,8,5,3,34,1,8,0,230.29999999999998,40.1,1.0,willile01w,0.0,0.0,CON,EA,1.0,W,W,W,26.0,8.0,34.0,14.0,3.0,12.0,5.0,13.0,7.0,5.0,3.0,thibami99w,0.0,26.0,8.0,5.0,3.0,18.0,0.0,3.0,0.0,37.35,3.9000000000000004,1.0
anderam01w,7,1,0.0,CON,CON,EA,1,1,W,L,,26,8,34,14,3,12,5,15,5,3.0,2.0,thibami99w,0,26,8,3,2,1,0,0,0,0.7,0.0,1.0,wyckobr01w,0.0,0.0,CON,EA,1.0,W,W,W,26.0,8.0,34.0,14.0,3.0,12.0,5.0,13.0,7.0,5.0,3.0,thibami99w,0.0,26.0,8.0,5.0,3.0,34.0,1.0,8.0,0.0,230.29999999999998,40.1,1.0
farriba01w,4,0,0.0,DET,DET,EA,1,1,W,W,W,25,9,34,13,4,12,5,18,6,6.0,2.0,laimbbi01w,0,25,9,6,2,34,0,8,0,208.85000000000002,51.45000000000001,1.0,cashsw01w,0.0,0.0,DET,EA,1.0,W,W,W,25.0,9.0,34.0,13.0,4.0,12.0,5.0,18.0,6.0,6.0,2.0,laimbbi01w,0.0,25.0,9.0,6.0,2.0,33.0,33.0,8.0,8.0,636.45,159.15,1.0
fordch01w,4,0,5.0,DET,DET,EA,1,1,W,W,W,25,9,34,13,4,12,5,18,6,6.0,2.0,laimbbi01w,0,25,9,6,2,32,32,8,8,497.1,114.05000000000001,1.0,farriba01w,0.0,0.0,DET,EA,1.0,W,W,W,25.0,9.0,34.0,13.0,4.0,12.0,5.0,18.0,6.0,6.0,2.0,laimbbi01w,0.0,25.0,9.0,6.0,2.0,34.0,0.0,8.0,0.0,208.85000000000002,51.45000000000001,1.0
hollake01w,4,0,0.0,DET,DET,EA,1,1,W,W,W,25,9,34,13,4,12,5,18,6,6.0,2.0,laimbbi01w,0,25,9,6,2,34,2,8,0,371.65000000000015,82.0,1.0,fordch01w,0.0,5.0,DET,EA,1.0,W,W,W,25.0,9.0,34.0,13.0,4.0,12.0,5.0,18.0,6.0,6.0,2.0,laimbbi01w,0.0,25.0,9.0,6.0,2.0,32.0,32.0,8.0,8.0,497.1,114.05000000000001,1.0
lambesh01w,4,0,0.0,DET,DET,EA,1,1,W,W,W,25,9,34,13,4,12,5,18,6,6.0,2.0,laimbbi01w,0,25,9,6,2,27,1,7,0,101.2,6.1000000000000005,1.0,hollake01w,0.0,0.0,DET,EA,1.0,W,W,W,25.0,9.0,34.0,13.0,4.0,12.0,5.0,18.0,6.0,6.0,2.0,laimbbi01w,0.0,25.0,9.0,6.0,2.0,34.0,2.0,8.0,0.0,371.65000000000015,82.0,1.0
mooreta01w,4,1,0.0,DET,DET,EA,1,1,W,W,W,25,9,34,13,4,12,5,18,6,6.0,2.0,laimbbi01w,0,25,9,6,2,15,0,0,0,29.90000000000001,0.0,1.0,lambesh01w,0.0,0.0,DET,EA,1.0,W,W,W,25.0,9.0,34.0,13.0,4.0,12.0,5.0,18.0,6.0,6.0,2.0,laimbbi01w,0.0,25.0,9.0,6.0,2.0,27.0,1.0,7.0,0.0,101.2,6.1000000000000005,1.0
ndiayas01w,4,0,0.0,DET,DET,EA,1,1,W,W,W,25,9,34,13,4,12,5,18,6,6.0,2.0,laimbbi01w,0,25,9,6,2,11,2,2,0,27.550000000000004,2.4000000000000004,1.0,mooreta01w,1.0,0.0,DET,EA,1.0,W,W,W,25.0,9.0,34.0,13.0,4.0,12.0,5.0,18.0,6.0,6.0,2.0,laimbbi01w,0.0,25.0,9.0,6.0,2.0,15.0,0.0,0.0,0.0,29.90000000000001,0.0,1.0
nolande01w,4,0,0.0,DET,DET,EA,1,1,W,W,W,25,9,34,13,4,12,5,18,6,6.0,2.0,laimbbi01w,0,25,9,6,2,32,32,8,8,498.50000000000006,146.70000000000002,1.0,ndiayas01w,0.0,0.0,DET,EA,1.0,W,W,W,25.0,9.0,34.0,13.0,4.0,12.0,5.0,18.0,6.0,6.0,2.0,laimbbi01w,0.0,25.0,9.0,6.0,2.0,11.0,2.0,2.0,0.0,27.550000000000004,2.4000000000000004,1.0
powelel01w,4,0,0.0,DET,DET,EA,1,1,W,W,W,25,9,34,13,4,12,5,18,6,6.0,2.0,laimbbi01w,0,25,9,6,2,33,33,8,8,427.80000000000007,88.25,1.0,nolande01w,0.0,0.0,DET,EA,1.0,W,W,W,25.0,9.0,34.0,13.0,4.0,12.0,5.0,18.0,6.0,6.0,2.0,laimbbi01w,0.0,25.0,9.0,6.0,2.0,32.0,32.0,8.0,8.0,498.50000000000006,146.70000000000002,1.0
rileyru01w,4,0,8.0,DET,DET,EA,1,1,W,W,W,25,9,34,13,4,12,5,18,6,6.0,2.0,laimbbi01w,0,25,9,6,2,34,34,8,8,480.2499999999999,138.09999999999997,1.0,powelel01w,0.0,0.0,DET,EA,1.0,W,W,W,25.0,9.0,34.0,13.0,4.0,12.0,5.0,18.0,6.0,6.0,2.0,laimbbi01w,0.0,25.0,9.0,6.0,2.0,33.0,33.0,8.0,8.0,427.80000000000007,88.25,1.0
thomast01w,4,2,0.0,DET,DET,EA,1,1,W,W,W,25,9,34,13,4,12,5,18,6,6.0,2.0,laimbbi01w,0,25,9,6,2,11,0,4,0,33.95,3.400000000000001,1.0,rileyru01w,0.0,8.0,DET,EA,1.0,W,W,W,25.0,9.0,34.0,13.0,4.0,12.0,5.0,18.0,6.0,6.0,2.0,laimbbi01w,0.0,25.0,9.0,6.0,2.0,34.0,34.0,8.0,8.0,480.2499999999999,138.09999999999997,1.0
ujhelpe01w,4,0,0.0,DET,DET,EA,1,1,W,W,W,25,9,34,13,4,12,5,18,6,6.0,2.0,laimbbi01w,0,25,9,6,2,14,0,0,0,18.200000000000003,0.0,1.0,thomast01w,2.0,0.0,DET,EA,1.0,W,W,W,25.0,9.0,34.0,13.0,4.0,12.0,5.0,18.0,6.0,6.0,2.0,laimbbi01w,0.0,25.0,9.0,6.0,2.0,11.0,0.0,4.0,0.0,33.95,3.400000000000001,1.0
walkeay01w,4,0,0.0,DET,DET,EA,1,1,W,W,W,25,9,34,13,4,12,5,18,6,6.0,2.0,laimbbi01w,0,25,9,6,2,34,1,4,0,112.7,10.65,1.0,ujhelpe01w,0.0,0.0,DET,EA,1.0,W,W,W,25.0,9.0,34.0,13.0,4.0,12.0,5.0,18.0,6.0,6.0,2.0,laimbbi01w,0.0,25.0,9.0,6.0,2.0,14.0,0.0,0.0,0.0,18.200000000000003,0.0,1.0
carteam01w,5,0,0.0,DET,DET,EA,3,1,L,,,17,17,34,8,9,9,8,11,9,1.0,2.0,laimbbi01w,0,17,17,1,2,2,0,0,0,4.450000000000001,0.0,1.0,walkeay01w,0.0,0.0,DET,EA,1.0,W,W,W,25.0,9.0,34.0,13.0,4.0,12.0,5.0,18.0,6.0,6.0,2.0,laimbbi01w,0.0,25.0,9.0,6.0,2.0,34.0,1.0,4.0,0.0,112.7,10.65,1.0
braxtka01w,7,0,0.0,DET,DET,EA,2,1,W,W,W,23,11,34,14,3,9,8,14,6,7.0,3.0,laimbbi01w,0,23,11,7,3,34,1,10,0,195.35000000000002,63.000000000000014,1.0,batteja01w,0.0,0.0,DET,EA,2.0,W,W,W,23.0,11.0,34.0,14.0,3.0,9.0,8.0,14.0,6.0,7.0,3.0,laimbbi01w,0.0,23.0,11.0,7.0,3.0,26.0,1.0,4.0,0.0,70.44999999999999,2.4,1.0
cashsw01w,7,0,0.0,DET,DET,EA,2,1,W,W,W,23,11,34,14,3,9,8,14,6,7.0,3.0,laimbbi01w,0,23,11,7,3,34,34,10,10,484.40000000000003,121.15000000000002,1.0,braxtka01w,0.0,0.0,DET,EA,2.0,W,W,W,23.0,11.0,34.0,14.0,3.0,9.0,8.0,14.0,6.0,7.0,3.0,laimbbi01w,0.0,23.0,11.0,7.0,3.0,34.0,1.0,10.0,0.0,195.35000000000002,63.000000000000014,1.0
fordch01w,7,0,0.0,DET,DET,EA,2,1,W,W,W,23,11,34,14,3,9,8,14,6,7.0,3.0,laimbbi01w,0,23,11,7,3,32,32,10,10,572.85,172.79999999999998,1.0,cashsw01w,0.0,0.0,DET,EA,2.0,W,W,W,23.0,11.0,34.0,14.0,3.0,9.0,8.0,14.0,6.0,7.0,3.0,laimbbi01w,0.0,23.0,11.0,7.0,3.0,34.0,34.0,10.0,10.0,484.40000000000003,121.15000000000002,1.0
hollake01w,7,0,0.0,DET,DET,EA,2,1,W,W,W,23,11,34,14,3,9,8,14,6,7.0,3.0,laimbbi01w,0,23,11,7,3,34,0,8,0,194.74999999999997,9.400000000000002,1.0,fordch01w,0.0,0.0,DET,EA,2.0,W,W,W,23.0,11.0,34.0,14.0,3.0,9.0,8.0,14.0,6.0,7.0,3.0,laimbbi01w,0.0,23.0,11.0,7.0,3.0,32.0,32.0,10.0,10.0,572.85,172.79999999999998,1.0
nolande01w,7,0,8.0,DET,DET,EA,2,1,W,W,W,23,11,34,14,3,9,8,14,6,7.0,3.0,laimbbi01w,0,23,11,7,3,34,34,10,10,584.5500000000001,197.20000000000002,1.0,hollake01w,0.0,0.0,DET,EA,2.0,W,W,W,23.0,11.0,34.0,14.0,3.0,9.0,8.0,14.0,6.0,7.0,3.0,laimbbi01w,0.0,23.0,11.0,7.0,3.0,34.0,0.0,8.0,0.0,194.74999999999997,9.400000000000002,1.0
osipoir01w,7,0,0.0,DET,DET,EA,2,1,W,W,W,23,11,34,14,3,9,8,14,6,7.0,3.0,laimbbi01w,0,23,11,7,3,2,0,9,0,3.9500000000000006,39.850000000000016,1.0,nolande01w,0.0,8.0,DET,EA,2.0,W,W,W,23.0,11.0,34.0,14.0,3.0,9.0,8.0,14.0,6.0,7.0,3.0,laimbbi01w,0.0,23.0,11.0,7.0,3.0,34.0,34.0,10.0,10.0,584.5500000000001,197.20000000000002,1.0
paliesa01w,7,0,0.0,DET,DET,EA,2,1,W,W,W,23,11,34,14,3,9,8,14,6,7.0,3.0,laimbbi01w,0,23,11,7,3,11,0,0,0,19.55,0.0,1.0,osipoir01w,0.0,0.0,DET,EA,2.0,W,W,W,23.0,11.0,34.0,14.0,3.0,9.0,8.0,14.0,6.0,7.0,3.0,laimbbi01w,0.0,23.0,11.0,7.0,3.0,2.0,0.0,9.0,0.0,3.9500000000000006,39.850000000000016,1.0
pierspl01w,7,0,0.0,DET,DET,EA,2,1,W,W,W,23,11,34,14,3,9,8,14,6,7.0,3.0,laimbbi01w,0,23,11,7,3,34,0,10,0,293.65,115.95,1.0,paliesa01w,0.0,0.0,DET,EA,2.0,W,W,W,23.0,11.0,34.0,14.0,3.0,9.0,8.0,14.0,6.0,7.0,3.0,laimbbi01w,0.0,23.0,11.0,7.0,3.0,11.0,0.0,0.0,0.0,19.55,0.0,1.0
powelel01w,7,2,0.0,DET,DET,EA,2,1,W,W,W,23,11,34,14,3,9,8,14,6,7.0,3.0,laimbbi01w,0,23,11,7,3,11,0,0,0,40.49999999999999,0.0,1.0,pierspl01w,0.0,0.0,DET,EA,2.0,W,W,W,23.0,11.0,34.0,14.0,3.0,9.0,8.0,14.0,6.0,7.0,3.0,laimbbi01w,0.0,23.0,11.0,7.0,3.0,34.0,0.0,10.0,0.0,293.65,115.95,1.0
rileyru01w,7,0,0.0,DET,DET,EA,2,1,W,W,W,23,11,34,14,3,9,8,14,6,7.0,3.0,laimbbi01w,0,23,11,7,3,34,34,10,10,387.25000000000006,83.6,1.0,powelel01w,2.0,0.0,DET,EA,2.0,W,W,W,23.0,11.0,34.0,14.0,3.0,9.0,8.0,14.0,6.0,7.0,3.0,laimbbi01w,0.0,23.0,11.0,7.0,3.0,11.0,0.0,0.0,0.0,40.49999999999999,0.0,1.0
smithka01w,7,0,6.0,DET,DET,EA,2,1,W,W,W,23,11,34,14,3,9,8,14,6,7.0,3.0,laimbbi01w,0,23,11,7,3,34,34,10,10,547.3000000000001,185.15000000000003,1.0,rileyru01w,0.0,0.0,DET,EA,2.0,W,W,W,23.0,11.0,34.0,14.0,3.0,9.0,8.0,14.0,6.0,7.0,3.0,laimbbi01w,0.0,23.0,11.0,7.0,3.0,34.0,34.0,10.0,10.0,387.25000000000006,83.6,1.0
willian01w,7,0,0.0,DET,DET,EA,2,1,W,W,W,23,11,34,14,3,9,8,14,6,7.0,3.0,laimbbi01w,0,23,11,7,3,21,0,6,0,60.35,12.450000000000001,1.0,smithka01w,0.0,6.0,DET,EA,2.0,W,W,W,23.0,11.0,34.0,14.0,3.0,9.0,8.0,14.0,6.0,7.0,3.0,laimbbi01w,0.0,23.0,11.0,7.0,3.0,34.0,34.0,10.0,10.0,547.3000000000001,185.15000000000003,1.0
braxtka01w,8,0,0.0,DET,DET,EA,1,1,W,W,L,24,10,34,12,5,12,5,14,6,6.0,5.0,laimbbi01w,0,24,10,6,5,31,20,11,0,277.15000000000003,97.35000000000002,1.0,willian01w,0.0,0.0,DET,EA,2.0,W,W,W,23.0,11.0,34.0,14.0,3.0,9.0,8.0,14.0,6.0,7.0,3.0,laimbbi01w,0.0,23.0,11.0,7.0,3.0,21.0,0.0,6.0,0.0,60.35,12.450000000000001,1.0
cashsw01w,8,0,0.0,DET,DET,EA,1,1,W,W,L,24,10,34,12,5,12,5,14,6,6.0,5.0,laimbbi01w,0,24,10,6,5,31,31,11,11,463.55000000000007,125.74999999999997,1.0,braxtka01w,0.0,0.0,DET,EA,1.0,W,W,L,24.0,10.0,34.0,12.0,5.0,12.0,5.0,14.0,6.0,6.0,5.0,laimbbi01w,0.0,24.0,10.0,6.0,5.0,31.0,20.0,11.0,0.0,277.15000000000003,97.35000000000002,1.0
fordch01w,8,0,7.0,DET,DET,EA,1,1,W,W,L,24,10,34,12,5,12,5,14,6,6.0,5.0,laimbbi01w,0,24,10,6,5,15,15,10,8,262.65000000000003,114.10000000000001,1.0,cashsw01w,0.0,0.0,DET,EA,1.0,W,W,L,24.0,10.0,34.0,12.0,5.0,12.0,5.0,14.0,6.0,6.0,5.0,laimbbi01w,0.0,24.0,10.0,6.0,5.0,31.0,31.0,11.0,11.0,463.55000000000007,125.74999999999997,1.0
johnssh01w,8,0,0.0,DET,DET,EA,1,1,W,W,L,24,10,34,12,5,12,5,14,6,6.0,5.0,laimbbi01w,0,24,10,6,5,33,8,11,1,275.25000000000006,89.20000000000002,1.0,fordch01w,0.0,7.0,DET,EA,1.0,W,W,L,24.0,10.0,34.0,12.0,5.0,12.0,5.0,14.0,6.0,6.0,5.0,laimbbi01w,0.0,24.0,10.0,6.0,5.0,15.0,15.0,10.0,8.0,262.65000000000003,114.10000000000001,1.0
lattaiv01w,8,0,0.0,DET,DET,EA,1,1,W,W,L,24,10,34,12,5,12,5,14,6,6.0,5.0,laimbbi01w,0,24,10,6,5,31,1,10,0,117.60000000000001,25.900000000000002,1.0,johnssh01w,0.0,0.0,DET,EA,1.0,W,W,L,24.0,10.0,34.0,12.0,5.0,12.0,5.0,14.0,6.0,6.0,5.0,laimbbi01w,0.0,24.0,10.0,6.0,5.0,33.0,8.0,11.0,1.0,275.25000000000006,89.20000000000002,1.0
millsta01w,8,0,0.0,DET,DET,EA,1,1,W,W,L,24,10,34,12,5,12,5,14,6,6.0,5.0,laimbbi01w,0,24,10,6,5,5,1,0,0,23.900000000000006,0.0,1.0,lattaiv01w,0.0,0.0,DET,EA,1.0,W,W,L,24.0,10.0,34.0,12.0,5.0,12.0,5.0,14.0,6.0,6.0,5.0,laimbbi01w,0.0,24.0,10.0,6.0,5.0,31.0,1.0,10.0,0.0,117.60000000000001,25.900000000000002,1.0
nolande01w,8,0,0.0,DET,DET,EA,1,1,W,W,L,24,10,34,12,5,12,5,14,6,6.0,5.0,laimbbi01w,0,24,10,6,5,34,34,11,11,646.1999999999999,242.05000000000004,1.0,millsta01w,0.0,0.0,DET,EA,1.0,W,W,L,24.0,10.0,34.0,12.0,5.0,12.0,5.0,14.0,6.0,6.0,5.0,laimbbi01w,0.0,24.0,10.0,6.0,5.0,5.0,1.0,0.0,0.0,23.900000000000006,0.0,1.0
pierspl01w,8,0,6.0,DET,DET,EA,1,1,W,W,L,24,10,34,12,5,12,5,14,6,6.0,5.0,laimbbi01w,0,24,10,6,5,34,0,11,1,478.30000000000007,157.2,1.0,nolande01w,0.0,0.0,DET,EA,1.0,W,W,L,24.0,10.0,34.0,12.0,5.0,12.0,5.0,14.0,6.0,6.0,5.0,laimbbi01w,0.0,24.0,10.0,6.0,5.0,34.0,34.0,11.0,11.0,646.1999999999999,242.05000000000004,1.0
powelel01w,8,0,0.0,DET,DET,EA,1,1,W,W,L,24,10,34,12,5,12,5,14,6,6.0,5.0,laimbbi01w,0,24,10,6,5,32,12,11,3,119.2,30.4,1.0,pierspl01w,0.0,6.0,DET,EA,1.0,W,W,L,24.0,10.0,34.0,12.0,5.0,12.0,5.0,14.0,6.0,6.0,5.0,laimbbi01w,0.0,24.0,10.0,6.0,5.0,34.0,0.0,11.0,1.0,478.30000000000007,157.2,1.0
sandeam01w,8,0,0.0,DET,DET,EA,1,1,W,W,L,24,10,34,12,5,12,5,14,6,6.0,5.0,laimbbi01w,0,24,10,6,5,6,0,0,0,3.8000000000000003,0.0,1.0,powelel01w,0.0,0.0,DET,EA,1.0,W,W,L,24.0,10.0,34.0,12.0,5.0,12.0,5.0,14.0,6.0,6.0,5.0,laimbbi01w,0.0,24.0,10.0,6.0,5.0,32.0,12.0,11.0,3.0,119.2,30.4,1.0
smithka01w,8,0,0.0,DET,DET,EA,1,1,W,W,L,24,10,34,12,5,12,5,14,6,6.0,5.0,laimbbi01w,0,24,10,6,5,34,34,11,11,616.0500000000001,189.84999999999997,1.0,sandeam01w,0.0,0.0,DET,EA,1.0,W,W,L,24.0,10.0,34.0,12.0,5.0,12.0,5.0,14.0,6.0,6.0,5.0,laimbbi01w,0.0,24.0,10.0,6.0,5.0,6.0,0.0,0.0,0.0,3.8000000000000003,0.0,1.0
smithty01w,8,0,0.0,DET,DET,EA,1,1,W,W,L,24,10,34,12,5,12,5,14,6,6.0,5.0,laimbbi01w,0,24,10,6,5,1,0,1,0,3.0500000000000007,0.0,1.0,smithka01w,0.0,0.0,DET,EA,1.0,W,W,L,24.0,10.0,34.0,12.0,5.0,12.0,5.0,14.0,6.0,6.0,5.0,laimbbi01w,0.0,24.0,10.0,6.0,5.0,34.0,34.0,11.0,11.0,616.0500000000001,189.84999999999997,1.0
tilliic01w,8,2,0.0,DET,DET,EA,1,1,W,W,L,24,10,34,12,5,12,5,14,6,6.0,5.0,laimbbi01w,0,24,10,6,5,8,1,0,0,8.0,0.0,1.0,smithty01w,0.0,0.0,DET,EA,1.0,W,W,L,24.0,10.0,34.0,12.0,5.0,12.0,5.0,14.0,6.0,6.0,5.0,laimbbi01w,0.0,24.0,10.0,6.0,5.0,1.0,0.0,1.0,0.0,3.0500000000000007,0.0,1.0
walkeay01w,8,0,0.0,DET,DET,EA,1,1,W,W,L,24,10,34,12,5,12,5,14,6,6.0,5.0,laimbbi01w,0,24,10,6,5,2,1,5,0,14.149999999999999,7.250000000000001,1.0,tilliic01w,2.0,0.0,DET,EA,1.0,W,W,L,24.0,10.0,34.0,12.0,5.0,12.0,5.0,14.0,6.0,6.0,5.0,laimbbi01w,0.0,24.0,10.0,6.0,5.0,8.0,1.0,0.0,0.0,8.0,0.0,1.0
braxtka01w,9,0,0.0,DET,DET,EA,1,1,W,W,W,22,12,34,14,3,8,9,16,4,7.0,2.0,laimbbi01w,0,22,12,7,2,33,10,9,9,353.49999999999994,95.55000000000001,1.0,walkeay01w,0.0,0.0,DET,EA,1.0,W,W,L,24.0,10.0,34.0,12.0,5.0,12.0,5.0,14.0,6.0,6.0,5.0,laimbbi01w,0.0,24.0,10.0,6.0,5.0,2.0,1.0,5.0,0.0,14.149999999999999,7.250000000000001,1.0
fordch01w,9,0,0.0,DET,DET,EA,1,1,W,W,W,22,12,34,14,3,8,9,16,4,7.0,2.0,laimbbi01w,0,22,12,7,2,24,24,0,0,345.05,0.0,1.0,braxtka01w,0.0,0.0,DET,EA,1.0,W,W,W,22.0,12.0,34.0,14.0,3.0,8.0,9.0,16.0,4.0,7.0,2.0,laimbbi01w,0.0,22.0,12.0,7.0,2.0,33.0,10.0,9.0,9.0,353.49999999999994,95.55000000000001,1.0
givench01w,9,0,0.0,DET,DET,EA,1,1,W,W,W,22,12,34,14,3,8,9,16,4,7.0,2.0,laimbbi01w,0,22,12,7,2,3,0,0,0,3.7,0.0,1.0,fordch01w,0.0,0.0,DET,EA,1.0,W,W,W,22.0,12.0,34.0,14.0,3.0,8.0,9.0,16.0,4.0,7.0,2.0,laimbbi01w,0.0,22.0,12.0,7.0,2.0,24.0,24.0,0.0,0.0,345.05,0.0,1.0
hornbal01w,9,0,0.0,DET,DET,EA,1,1,W,W,W,22,12,34,14,3,8,9,16,4,7.0,2.0,laimbbi01w,0,22,12,7,2,34,0,9,0,339.3,101.35000000000001,1.0,givench01w,0.0,0.0,DET,EA,1.0,W,W,W,22.0,12.0,34.0,14.0,3.0,8.0,9.0,16.0,4.0,7.0,2.0,laimbbi01w,0.0,22.0,12.0,7.0,2.0,3.0,0.0,0.0,0.0,3.7,0.0,1.0
humphta01w,9,1,0.0,DET,DET,EA,1,1,W,W,W,22,12,34,14,3,8,9,16,4,7.0,2.0,laimbbi01w,0,22,12,7,2,22,16,0,0,183.64999999999995,0.0,1.0,hornbal01w,0.0,0.0,DET,EA,1.0,W,W,W,22.0,12.0,34.0,14.0,3.0,8.0,9.0,16.0,4.0,7.0,2.0,laimbbi01w,0.0,22.0,12.0,7.0,2.0,34.0,0.0,9.0,0.0,339.3,101.35000000000001,1.0
liebena01w,9,0,0.0,DET,DET,EA,1,1,W,W,W,22,12,34,14,3,8,9,16,4,7.0,2.0,laimbbi01w,0,22,12,7,2,1,0,0,0,1.7499999999999998,0.0,1.0,humphta01w,1.0,0.0,DET,EA,1.0,W,W,W,22.0,12.0,34.0,14.0,3.0,8.0,9.0,16.0,4.0,7.0,2.0,laimbbi01w,0.0,22.0,12.0,7.0,2.0,22.0,16.0,0.0,0.0,183.64999999999995,0.0,1.0
lovelst01w,9,2,0.0,DET,DET,EA,1,1,W,W,W,22,12,34,14,3,8,9,16,4,7.0,2.0,laimbbi01w,0,22,12,7,2,7,2,0,0,18.1,0.0,1.0,liebena01w,0.0,0.0,DET,EA,1.0,W,W,W,22.0,12.0,34.0,14.0,3.0,8.0,9.0,16.0,4.0,7.0,2.0,laimbbi01w,0.0,22.0,12.0,7.0,2.0,1.0,0.0,0.0,0.0,1.7499999999999998,0.0,1.0
mcwilta01w,9,2,0.0,DET,DET,EA,1,1,W,W,W,22,12,34,14,3,8,9,16,4,7.0,2.0,laimbbi01w,0,22,12,7,2,7,7,9,9,99.7,150.65000000000003,1.0,lovelst01w,2.0,0.0,DET,EA,1.0,W,W,W,22.0,12.0,34.0,14.0,3.0,8.0,9.0,16.0,4.0,7.0,2.0,laimbbi01w,0.0,22.0,12.0,7.0,2.0,7.0,2.0,0.0,0.0,18.1,0.0,1.0
murphsh01w,9,2,0.0,DET,DET,EA,1,1,W,W,W,22,12,34,14,3,8,9,16,4,7.0,2.0,laimbbi01w,0,22,12,7,2,13,3,0,0,55.75,0.0,1.0,mcwilta01w,2.0,0.0,DET,EA,1.0,W,W,W,22.0,12.0,34.0,14.0,3.0,8.0,9.0,16.0,4.0,7.0,2.0,laimbbi01w,0.0,22.0,12.0,7.0,2.0,7.0,7.0,9.0,9.0,99.7,150.65000000000003,1.0
nolande01w,9,0,0.0,DET,DET,EA,1,1,W,W,W,22,12,34,14,3,8,9,16,4,7.0,2.0,laimbbi01w,0,22,12,7,2,34,34,9,9,630.8,190.95000000000007,1.0,murphsh01w,2.0,0.0,DET,EA,1.0,W,W,W,22.0,12.0,34.0,14.0,3.0,8.0,9.0,16.0,4.0,7.0,2.0,laimbbi01w,0.0,22.0,12.0,7.0,2.0,13.0,3.0,0.0,0.0,55.75,0.0,1.0
pierspl01w,9,0,0.0,DET,DET,EA,1,1,W,W,W,22,12,34,14,3,8,9,16,4,7.0,2.0,laimbbi01w,0,22,12,7,2,28,0,6,0,395.90000000000003,56.15000000000001,1.0,nolande01w,0.0,0.0,DET,EA,1.0,W,W,W,22.0,12.0,34.0,14.0,3.0,8.0,9.0,16.0,4.0,7.0,2.0,laimbbi01w,0.0,22.0,12.0,7.0,2.0,34.0,34.0,9.0,9.0,630.8,190.95000000000007,1.0
powelel01w,9,0,0.0,DET,DET,EA,1,1,W,W,W,22,12,34,14,3,8,9,16,4,7.0,2.0,laimbbi01w,0,22,12,7,2,16,16,9,9,116.6,61.55,1.0,pierspl01w,0.0,0.0,DET,EA,1.0,W,W,W,22.0,12.0,34.0,14.0,3.0,8.0,9.0,16.0,4.0,7.0,2.0,laimbbi01w,0.0,22.0,12.0,7.0,2.0,28.0,0.0,6.0,0.0,395.90000000000003,56.15000000000001,1.0
samsh01w,9,0,0.0,DET,DET,EA,1,1,W,W,W,22,12,34,14,3,8,9,16,4,7.0,2.0,laimbbi01w,0,22,12,7,2,32,15,6,0,188.15,10.999999999999995,1.0,powelel01w,0.0,0.0,DET,EA,1.0,W,W,W,22.0,12.0,34.0,14.0,3.0,8.0,9.0,16.0,4.0,7.0,2.0,laimbbi01w,0.0,22.0,12.0,7.0,2.0,16.0,16.0,9.0,9.0,116.6,61.55,1.0
sanniol01w,9,0,0.0,DET,DET,EA,1,1,W,W,W,22,12,34,14,3,8,9,16,4,7.0,2.0,laimbbi01w,0,22,12,7,2,31,9,9,0,145.59999999999997,27.950000000000003,1.0,samsh01w,0.0,0.0,DET,EA,1.0,W,W,W,22.0,12.0,34.0,14.0,3.0,8.0,9.0,16.0,4.0,7.0,2.0,laimbbi01w,0.0,22.0,12.0,7.0,2.0,32.0,15.0,6.0,0.0,188.15,10.999999999999995,1.0
schumke01w,9,0,0.0,DET,DET,EA,1,1,W,W,W,22,12,34,14,3,8,9,16,4,7.0,2.0,laimbbi01w,0,22,12,7,2,7,0,8,0,33.0,35.49999999999999,1.0,sanniol01w,0.0,0.0,DET,EA,1.0,W,W,W,22.0,12.0,34.0,14.0,3.0,8.0,9.0,16.0,4.0,7.0,2.0,laimbbi01w,0.0,22.0,12.0,7.0,2.0,31.0,9.0,9.0,0.0,145.59999999999997,27.950000000000003,1.0
shielas01w,9,2,0.0,DET,DET,EA,1,1,W,W,W,22,12,34,14,3,8,9,16,4,7.0,2.0,laimbbi01w,0,22,12,7,2,7,0,3,0,23.650000000000006,2.7000000000000006,1.0,schumke01w,0.0,0.0,DET,EA,1.0,W,W,W,22.0,12.0,34.0,14.0,3.0,8.0,9.0,16.0,4.0,7.0,2.0,laimbbi01w,0.0,22.0,12.0,7.0,2.0,7.0,0.0,8.0,0.0,33.0,35.49999999999999,1.0
smithka01w,9,0,8.0,DET,DET,EA,1,1,W,W,W,22,12,34,14,3,8,9,16,4,7.0,2.0,laimbbi01w,0,22,12,7,2,34,34,9,9,624.8499999999999,167.25,1.0,shielas01w,2.0,0.0,DET,EA,1.0,W,W,W,22.0,12.0,34.0,14.0,3.0,8.0,9.0,16.0,4.0,7.0,2.0,laimbbi01w,0.0,22.0,12.0,7.0,2.0,7.0,0.0,3.0,0.0,23.650000000000006,2.7000000000000006,1.0
smithwa01w,9,0,0.0,DET,DET,EA,1,1,W,W,W,22,12,34,14,3,8,9,16,4,7.0,2.0,laimbbi01w,0,22,12,7,2,1,0,0,0,0.0,0.0,1.0,smithka01w,0.0,8.0,DET,EA,1.0,W,W,W,22.0,12.0,34.0,14.0,3.0,8.0,9.0,16.0,4.0,7.0,2.0,laimbbi01w,0.0,22.0,12.0,7.0,2.0,34.0,34.0,9.0,9.0,624.8499999999999,167.25,1.0
thomala01w,9,1,0.0,DET,DET,EA,1,1,W,W,W,22,12,34,14,3,8,9,16,4,7.0,2.0,laimbbi01w,0,22,12,7,2,7,0,0,0,14.8,0.0,1.0,smithwa01w,0.0,0.0,DET,EA,1.0,W,W,W,22.0,12.0,34.0,14.0,3.0,8.0,9.0,16.0,4.0,7.0,2.0,laimbbi01w,0.0,22.0,12.0,7.0,2.0,1.0,0.0,0.0,0.0,0.0,0.0,1.0
bakersh01w,10,0,0.0,DET,DET,EA,3,1,W,L,,18,16,34,11,6,7,10,11,11,3.0,2.0,laimbbi01w,1,1,2,0,0,1,0,0,0,7.1,0.0,1.0,thomala01w,1.0,0.0,DET,EA,1.0,W,W,W,22.0,12.0,34.0,14.0,3.0,8.0,9.0,16.0,4.0,7.0,2.0,laimbbi01w,0.0,22.0,12.0,7.0,2.0,7.0,0.0,0.0,0.0,14.8,0.0,1.0
coopecy01w,1,0,8.0,HOU,HOU,WE,2,1,W,W,W,27,5,32,14,2,13,3,17,4,6.0,0.0,chancva99w,0,27,5,6,0,31,31,6,6,623.7499999999999,142.8,1.0,arcaija01w,0.0,0.0,HOU,WE,2.0,W,W,W,27.0,5.0,32.0,14.0,2.0,13.0,3.0,17.0,4.0,6.0,0.0,chancva99w,0.0,27.0,5.0,6.0,0.0,32.0,32.0,6.0,6.0,405.15000000000003,78.95,1.0
gibsoke01w,1,0,0.0,HOU,HOU,WE,2,1,W,W,W,27,5,32,14,2,13,3,17,4,6.0,0.0,chancva99w,0,27,5,6,0,17,0,1,0,35.24999999999999,0.6500000000000001,1.0,coopecy01w,0.0,8.0,HOU,WE,2.0,W,W,W,27.0,5.0,32.0,14.0,2.0,13.0,3.0,17.0,4.0,6.0,0.0,chancva99w,0.0,27.0,5.0,6.0,0.0,31.0,31.0,6.0,6.0,623.7499999999999,142.8,1.0
jacksta01w,1,0,0.0,HOU,HOU,WE,2,1,W,W,W,27,5,32,14,2,13,3,17,4,6.0,0.0,chancva99w,0,27,5,6,0,29,1,6,0,133.4,34.25,1.0,gibsoke01w,0.0,0.0,HOU,WE,2.0,W,W,W,27.0,5.0,32.0,14.0,2.0,13.0,3.0,17.0,4.0,6.0,0.0,chancva99w,0.0,27.0,5.0,6.0,0.0,17.0,0.0,1.0,0.0,35.24999999999999,0.6500000000000001,1.0
johnsti01w,1,0,0.0,HOU,HOU,WE,2,1,W,W,W,27,5,32,14,2,13,3,17,4,6.0,0.0,chancva99w,0,27,5,6,0,31,29,6,6,268.1000000000001,47.70000000000001,1.0,jacksta01w,0.0,0.0,HOU,WE,2.0,W,W,W,27.0,5.0,32.0,14.0,2.0,13.0,3.0,17.0,4.0,6.0,0.0,chancva99w,0.0,27.0,5.0,6.0,0.0,29.0,1.0,6.0,0.0,133.4,34.25,1.0
lambmo01w,1,0,0.0,HOU,HOU,WE,2,1,W,W,W,27,5,32,14,2,13,3,17,4,6.0,0.0,chancva99w,0,27,5,6,0,13,2,0,0,54.25,0.0,1.0,johnsti01w,0.0,0.0,HOU,WE,2.0,W,W,W,27.0,5.0,32.0,14.0,2.0,13.0,3.0,17.0,4.0,6.0,0.0,chancva99w,0.0,27.0,5.0,6.0,0.0,31.0,29.0,6.0,6.0,268.1000000000001,47.70000000000001,1.0
rizzoje01w,1,0,0.0,HOU,HOU,WE,2,1,W,W,W,27,5,32,14,2,13,3,17,4,6.0,0.0,chancva99w,0,27,5,6,0,32,2,1,0,149.89999999999998,0.8000000000000002,1.0,lambmo01w,0.0,0.0,HOU,WE,2.0,W,W,W,27.0,5.0,32.0,14.0,2.0,13.0,3.0,17.0,4.0,6.0,0.0,chancva99w,0.0,27.0,5.0,6.0,0.0,13.0,2.0,0.0,0.0,54.25,0.0,1.0
shakiel01w,1,0,0.0,HOU,HOU,WE,2,1,W,W,W,27,5,32,14,2,13,3,17,4,6.0,0.0,chancva99w,0,27,5,6,0,14,0,0,0,79.4,0.0,1.0,rizzoje01w,0.0,0.0,HOU,WE,2.0,W,W,W,27.0,5.0,32.0,14.0,2.0,13.0,3.0,17.0,4.0,6.0,0.0,chancva99w,0.0,27.0,5.0,6.0,0.0,32.0,2.0,1.0,0.0,149.89999999999998,0.8000000000000002,1.0
swoopsh01w,1,0,17.0,HOU,HOU,WE,2,1,W,W,W,27,5,32,14,2,13,3,17,4,6.0,0.0,chancva99w,0,27,5,6,0,31,31,6,6,706.05,129.5,1.0,shakiel01w,0.0,0.0,HOU,WE,2.0,W,W,W,27.0,5.0,32.0,14.0,2.0,13.0,3.0,17.0,4.0,6.0,0.0,chancva99w,0.0,27.0,5.0,6.0,0.0,14.0,0.0,0.0,0.0,79.4,0.0,1.0
thompti01w,1,0,7.0,HOU,HOU,WE,2,1,W,W,W,27,5,32,14,2,13,3,17,4,6.0,0.0,chancva99w,0,27,5,6,0,32,32,6,6,641.2999999999998,113.45000000000002,1.0,swoopsh01w,0.0,17.0,HOU,WE,2.0,W,W,W,27.0,5.0,32.0,14.0,2.0,13.0,3.0,17.0,4.0,6.0,0.0,chancva99w,0.0,27.0,5.0,6.0,0.0,31.0,31.0,6.0,6.0,706.05,129.5,1.0
valdeam01w,1,0,0.0,HOU,HOU,WE,2,1,W,W,W,27,5,32,14,2,13,3,17,4,6.0,0.0,chancva99w,0,27,5,6,0,22,0,3,0,83.44999999999999,10.799999999999999,1.0,thompti01w,0.0,7.0,HOU,WE,2.0,W,W,W,27.0,5.0,32.0,14.0,2.0,13.0,3.0,17.0,4.0,6.0,0.0,chancva99w,0.0,27.0,5.0,6.0,0.0,32.0,32.0,6.0,6.0,641.2999999999998,113.45000000000002,1.0
washico01w,1,0,0.0,HOU,HOU,WE,2,1,W,W,W,27,5,32,14,2,13,3,17,4,6.0,0.0,chancva99w,0,27,5,6,0,25,0,6,0,87.75000000000001,32.45,1.0,valdeam01w,0.0,0.0,HOU,WE,2.0,W,W,W,27.0,5.0,32.0,14.0,2.0,13.0,3.0,17.0,4.0,6.0,0.0,chancva99w,0.0,27.0,5.0,6.0,0.0,22.0,0.0,3.0,0.0,83.44999999999999,10.799999999999999,1.0
arcaija01w,2,0,5.0,HOU,HOU,WE,4,1,L,,,19,13,32,11,5,8,8,13,8,0.0,2.0,chancva99w,0,19,13,0,2,32,32,2,2,654.7500000000001,35.699999999999996,1.0,washico01w,0.0,0.0,HOU,WE,2.0,W,W,W,27.0,5.0,32.0,14.0,2.0,13.0,3.0,17.0,4.0,6.0,0.0,chancva99w,0.0,27.0,5.0,6.0,0.0,25.0,0.0,6.0,0.0,87.75000000000001,32.45,1.0
catchta01w,10,0,7.0,IND,IND,EA,1,1,W,W,L,22,12,34,14,3,8,9,17,5,6.0,4.0,dunnli99wc,0,22,12,6,4,34,34,10,10,658.1500000000001,228.15,1.0,beviltu01w,0.0,0.0,IND,EA,1.0,W,W,L,22.0,12.0,34.0,14.0,3.0,8.0,9.0,17.0,5.0,6.0,4.0,dunnli99wc,0.0,22.0,12.0,6.0,4.0,34.0,32.0,10.0,10.0,372.40000000000003,95.50000000000001,1.0
davenje01w,10,0,0.0,IND,IND,EA,1,1,W,W,L,22,12,34,14,3,8,9,17,5,6.0,4.0,dunnli99wc,0,22,12,6,4,27,0,9,0,94.35000000000001,39.9,1.0,catchta01w,0.0,7.0,IND,EA,1.0,W,W,L,22.0,12.0,34.0,14.0,3.0,8.0,9.0,17.0,5.0,6.0,4.0,dunnli99wc,0.0,22.0,12.0,6.0,4.0,34.0,34.0,10.0,10.0,658.1500000000001,228.15,1.0
dixonta01w,10,0,0.0,IND,IND,EA,1,1,W,W,L,22,12,34,14,3,8,9,17,5,6.0,4.0,dunnli99wc,0,22,12,6,4,32,1,10,0,186.45000000000002,26.900000000000002,1.0,davenje01w,0.0,0.0,IND,EA,1.0,W,W,L,22.0,12.0,34.0,14.0,3.0,8.0,9.0,17.0,5.0,6.0,4.0,dunnli99wc,0.0,22.0,12.0,6.0,4.0,27.0,0.0,9.0,0.0,94.35000000000001,39.9,1.0
douglka01w,10,0,0.0,IND,IND,EA,1,1,W,W,L,22,12,34,14,3,8,9,17,5,6.0,4.0,dunnli99wc,0,22,12,6,4,31,31,10,10,613.45,197.95000000000002,1.0,dixonta01w,0.0,0.0,IND,EA,1.0,W,W,L,22.0,12.0,34.0,14.0,3.0,8.0,9.0,17.0,5.0,6.0,4.0,dunnli99wc,0.0,22.0,12.0,6.0,4.0,32.0,1.0,10.0,0.0,186.45000000000002,26.900000000000002,1.0
griffyo01w,10,0,0.0,IND,IND,EA,1,1,W,W,L,22,12,34,14,3,8,9,17,5,6.0,4.0,dunnli99wc,0,22,12,6,4,3,0,0,0,22.400000000000002,0.0,1.0,douglka01w,0.0,0.0,IND,EA,1.0,W,W,L,22.0,12.0,34.0,14.0,3.0,8.0,9.0,17.0,5.0,6.0,4.0,dunnli99wc,0.0,22.0,12.0,6.0,4.0,31.0,31.0,10.0,10.0,613.45,197.95000000000002,1.0
hoffmeb01w,10,0,0.0,IND,IND,EA,1,1,W,W,L,22,12,34,14,3,8,9,17,5,6.0,4.0,dunnli99wc,0,22,12,6,4,34,34,10,10,482.65000000000003,147.6,1.0,griffyo01w,0.0,0.0,IND,EA,1.0,W,W,L,22.0,12.0,34.0,14.0,3.0,8.0,9.0,17.0,5.0,6.0,4.0,dunnli99wc,0.0,22.0,12.0,6.0,4.0,3.0,0.0,0.0,0.0,22.400000000000002,0.0,1.0
januabr01w,10,0,0.0,IND,IND,EA,1,1,W,W,L,22,12,34,14,3,8,9,17,5,6.0,4.0,dunnli99wc,0,22,12,6,4,33,4,10,0,331.1,131.05,1.0,hoffmeb01w,0.0,0.0,IND,EA,1.0,W,W,L,22.0,12.0,34.0,14.0,3.0,8.0,9.0,17.0,5.0,6.0,4.0,dunnli99wc,0.0,22.0,12.0,6.0,4.0,34.0,34.0,10.0,10.0,482.65000000000003,147.6,1.0
mooreje01w,10,0,0.0,IND,IND,EA,1,1,W,W,L,22,12,34,14,3,8,9,17,5,6.0,4.0,dunnli99wc,0,22,12,6,4,31,9,10,0,244.80000000000004,45.699999999999996,1.0,januabr01w,0.0,0.0,IND,EA,1.0,W,W,L,22.0,12.0,34.0,14.0,3.0,8.0,9.0,17.0,5.0,6.0,4.0,dunnli99wc,0.0,22.0,12.0,6.0,4.0,33.0,4.0,10.0,0.0,331.1,131.05,1.0
murphsh01w,10,0,0.0,IND,IND,EA,1,1,W,W,L,22,12,34,14,3,8,9,17,5,6.0,4.0,dunnli99wc,0,22,12,6,4,24,0,4,0,119.60000000000001,3.3,1.0,mooreje01w,0.0,0.0,IND,EA,1.0,W,W,L,22.0,12.0,34.0,14.0,3.0,8.0,9.0,17.0,5.0,6.0,4.0,dunnli99wc,0.0,22.0,12.0,6.0,4.0,31.0,9.0,10.0,0.0,244.80000000000004,45.699999999999996,1.0
suttota01w,10,0,0.0,IND,IND,EA,1,1,W,W,L,22,12,34,14,3,8,9,17,5,6.0,4.0,dunnli99wc,0,22,12,6,4,27,25,10,10,355.1499999999999,164.10000000000002,1.0,murphsh01w,0.0,0.0,IND,EA,1.0,W,W,L,22.0,12.0,34.0,14.0,3.0,8.0,9.0,17.0,5.0,6.0,4.0,dunnli99wc,0.0,22.0,12.0,6.0,4.0,24.0,0.0,4.0,0.0,119.60000000000001,3.3,1.0
whiteer01w,10,0,0.0,IND,IND,EA,1,1,W,W,L,22,12,34,14,3,8,9,17,5,6.0,4.0,dunnli99wc,0,22,12,6,4,2,0,0,0,7.499999999999999,0.0,1.0,suttota01w,0.0,0.0,IND,EA,1.0,W,W,L,22.0,12.0,34.0,14.0,3.0,8.0,9.0,17.0,5.0,6.0,4.0,dunnli99wc,0.0,22.0,12.0,6.0,4.0,27.0,25.0,10.0,10.0,355.1499999999999,164.10000000000002,1.0
whittkh01w,10,0,0.0,IND,IND,EA,1,1,W,W,L,22,12,34,14,3,8,9,17,5,6.0,4.0,dunnli99wc,0,22,12,6,4,3,0,0,0,13.45,0.0,1.0,whiteer01w,0.0,0.0,IND,EA,1.0,W,W,L,22.0,12.0,34.0,14.0,3.0,8.0,9.0,17.0,5.0,6.0,4.0,dunnli99wc,0.0,22.0,12.0,6.0,4.0,2.0,0.0,0.0,0.0,7.499999999999999,0.0,1.0
wirthch01w,10,0,0.0,IND,IND,EA,1,1,W,W,L,22,12,34,14,3,8,9,17,5,6.0,4.0,dunnli99wc,0,22,12,6,4,21,0,5,0,48.05000000000001,10.100000000000003,0.0,whittkh01w,0.0,0.0,IND,EA,1.0,W,W,L,22.0,12.0,34.0,14.0,3.0,8.0,9.0,17.0,5.0,6.0,4.0,dunnli99wc,0.0,22.0,12.0,6.0,4.0,3.0,0.0,0.0,0.0,13.45,0.0,1.0
dixonta01w,2,0,0.0,LAS,LAS,WE,1,1,W,W,W,28,4,32,16,0,12,4,19,2,6.0,1.0,coopemi01w,0,28,4,6,1,29,29,7,7,435.0,117.25,1.0,byearla01w,0.0,0.0,LAS,WE,1.0,W,W,W,28.0,4.0,32.0,16.0,0.0,12.0,4.0,19.0,2.0,6.0,1.0,coopemi01w,0.0,28.0,4.0,6.0,1.0,32.0,13.0,7.0,0.0,381.85,57.05,1.0
figgsuk01w,2,0,0.0,LAS,LAS,WE,1,1,W,W,W,28,4,32,16,0,12,4,19,2,6.0,1.0,coopemi01w,0,28,4,6,1,32,29,7,7,419.95,106.05000000000003,1.0,dixonta01w,0.0,0.0,LAS,WE,1.0,W,W,W,28.0,4.0,32.0,16.0,0.0,12.0,4.0,19.0,2.0,6.0,1.0,coopemi01w,0.0,28.0,4.0,6.0,1.0,29.0,29.0,7.0,7.0,435.0,117.25,1.0
grginve01w,2,0,0.0,LAS,LAS,WE,1,1,W,W,W,28,4,32,16,0,12,4,19,2,6.0,1.0,coopemi01w,0,28,4,6,1,24,7,4,0,100.64999999999998,4.450000000000001,1.0,figgsuk01w,0.0,0.0,LAS,WE,1.0,W,W,W,28.0,4.0,32.0,16.0,0.0,12.0,4.0,19.0,2.0,6.0,1.0,coopemi01w,0.0,28.0,4.0,6.0,1.0,32.0,29.0,7.0,7.0,419.95,106.05000000000003,1.0
leslili01w,2,0,25.0,LAS,LAS,WE,1,1,W,W,W,28,4,32,16,0,12,4,19,2,6.0,1.0,coopemi01w,0,28,4,6,1,31,31,7,7,693.95,182.50000000000003,1.0,grginve01w,0.0,0.0,LAS,WE,1.0,W,W,W,28.0,4.0,32.0,16.0,0.0,12.0,4.0,19.0,2.0,6.0,1.0,coopemi01w,0.0,28.0,4.0,6.0,1.0,24.0,7.0,4.0,0.0,100.64999999999998,4.450000000000001,1.0
levanni01w,2,0,0.0,LAS,LAS,WE,1,1,W,W,W,28,4,32,16,0,12,4,19,2,6.0,1.0,coopemi01w,0,28,4,6,1,13,0,3,0,32.45,1.45,1.0,leslili01w,0.0,25.0,LAS,WE,1.0,W,W,W,28.0,4.0,32.0,16.0,0.0,12.0,4.0,19.0,2.0,6.0,1.0,coopemi01w,0.0,28.0,4.0,6.0,1.0,31.0,31.0,7.0,7.0,693.95,182.50000000000003,1.0
mabikmw01w,2,0,0.0,LAS,LAS,WE,1,1,W,W,W,28,4,32,16,0,12,4,19,2,6.0,1.0,coopemi01w,0,28,4,6,1,28,24,7,7,440.95000000000005,110.4,1.0,levanni01w,0.0,0.0,LAS,WE,1.0,W,W,W,28.0,4.0,32.0,16.0,0.0,12.0,4.0,19.0,2.0,6.0,1.0,coopemi01w,0.0,28.0,4.0,6.0,1.0,13.0,0.0,3.0,0.0,32.45,1.45,1.0
mapprh01w,2,0,0.0,LAS,LAS,WE,1,1,W,W,W,28,4,32,16,0,12,4,19,2,6.0,1.0,coopemi01w,0,28,4,6,1,30,0,5,0,182.44999999999996,11.250000000000002,1.0,mabikmw01w,0.0,0.0,LAS,WE,1.0,W,W,W,28.0,4.0,32.0,16.0,0.0,12.0,4.0,19.0,2.0,6.0,1.0,coopemi01w,0.0,28.0,4.0,6.0,1.0,28.0,24.0,7.0,7.0,440.95000000000005,110.4,1.0
mccrini01w,2,0,0.0,LAS,LAS,WE,1,1,W,W,W,28,4,32,16,0,12,4,19,2,6.0,1.0,coopemi01w,0,28,4,6,1,28,0,7,0,127.35000000000001,14.650000000000002,1.0,mapprh01w,0.0,0.0,LAS,WE,1.0,W,W,W,28.0,4.0,32.0,16.0,0.0,12.0,4.0,19.0,2.0,6.0,1.0,coopemi01w,0.0,28.0,4.0,6.0,1.0,30.0,0.0,5.0,0.0,182.44999999999996,11.250000000000002,1.0
miltode01w,2,0,0.0,LAS,LAS,WE,1,1,W,W,W,28,4,32,16,0,12,4,19,2,6.0,1.0,coopemi01w,0,28,4,6,1,32,27,7,7,460.7500000000001,116.85000000000002,1.0,mccrini01w,0.0,0.0,LAS,WE,1.0,W,W,W,28.0,4.0,32.0,16.0,0.0,12.0,4.0,19.0,2.0,6.0,1.0,coopemi01w,0.0,28.0,4.0,6.0,1.0,28.0,0.0,7.0,0.0,127.35000000000001,14.650000000000002,1.0
williwe01w,2,0,0.0,LAS,LAS,WE,1,1,W,W,W,28,4,32,16,0,12,4,19,2,6.0,1.0,coopemi01w,0,28,4,6,1,13,0,4,0,23.7,2.4000000000000004,1.0,miltode01w,0.0,0.0,LAS,WE,1.0,W,W,W,28.0,4.0,32.0,16.0,0.0,12.0,4.0,19.0,2.0,6.0,1.0,coopemi01w,0.0,28.0,4.0,6.0,1.0,32.0,27.0,7.0,7.0,460.7500000000001,116.85000000000002,1.0
askamma01w,3,2,0.0,LAS,LAS,WE,1,1,W,W,W,25,7,32,12,4,13,3,17,4,6.0,0.0,coopemi01w,0,25,7,6,0,20,4,4,3,95.20000000000002,7.700000000000002,1.0,williwe01w,0.0,0.0,LAS,WE,1.0,W,W,W,28.0,4.0,32.0,16.0,0.0,12.0,4.0,19.0,2.0,6.0,1.0,coopemi01w,0.0,28.0,4.0,6.0,1.0,13.0,0.0,4.0,0.0,23.7,2.4000000000000004,1.0
byearla01w,3,0,0.0,LAS,LAS,WE,1,1,W,W,W,25,7,32,12,4,13,3,17,4,6.0,0.0,coopemi01w,0,25,7,6,0,26,5,6,2,249.15000000000006,59.349999999999994,1.0,askamma01w,2.0,0.0,LAS,WE,1.0,W,W,W,25.0,7.0,32.0,12.0,4.0,13.0,3.0,17.0,4.0,6.0,0.0,coopemi01w,0.0,25.0,7.0,6.0,0.0,20.0,4.0,4.0,3.0,95.20000000000002,7.700000000000002,1.0
desouer01w,3,0,0.0,LAS,LAS,WE,1,1,W,W,W,25,7,32,12,4,13,3,17,4,6.0,0.0,coopemi01w,0,25,7,6,0,11,0,1,0,20.4,3.25,1.0,byearla01w,0.0,0.0,LAS,WE,1.0,W,W,W,25.0,7.0,32.0,12.0,4.0,13.0,3.0,17.0,4.0,6.0,0.0,coopemi01w,0.0,25.0,7.0,6.0,0.0,26.0,5.0,6.0,2.0,249.15000000000006,59.349999999999994,1.0
dixonta01w,3,0,0.0,LAS,LAS,WE,1,1,W,W,W,25,7,32,12,4,13,3,17,4,6.0,0.0,coopemi01w,0,25,7,6,0,30,30,5,4,435.0,74.29999999999998,1.0,desouer01w,0.0,0.0,LAS,WE,1.0,W,W,W,25.0,7.0,32.0,12.0,4.0,13.0,3.0,17.0,4.0,6.0,0.0,coopemi01w,0.0,25.0,7.0,6.0,0.0,11.0,0.0,1.0,0.0,20.4,3.25,1.0
gaithka01w,3,1,0.0,LAS,LAS,WE,1,1,W,W,W,25,7,32,12,4,13,3,17,4,6.0,0.0,coopemi01w,0,25,7,6,0,1,0,0,0,1.45,0.0,1.0,dixonta01w,0.0,0.0,LAS,WE,1.0,W,W,W,25.0,7.0,32.0,12.0,4.0,13.0,3.0,17.0,4.0,6.0,0.0,coopemi01w,0.0,25.0,7.0,6.0,0.0,30.0,30.0,5.0,4.0,435.0,74.29999999999998,1.0
grginve01w,3,0,0.0,LAS,LAS,WE,1,1,W,W,W,25,7,32,12,4,13,3,17,4,6.0,0.0,coopemi01w,0,25,7,6,0,12,0,1,0,37.4,1.55,1.0,gaithka01w,1.0,0.0,LAS,WE,1.0,W,W,W,25.0,7.0,32.0,12.0,4.0,13.0,3.0,17.0,4.0,6.0,0.0,coopemi01w,0.0,25.0,7.0,6.0,0.0,1.0,0.0,0.0,0.0,1.45,0.0,1.0
hallvi01w,3,0,0.0,LAS,LAS,WE,1,1,W,W,W,25,7,32,12,4,13,3,17,4,6.0,0.0,coopemi01w,0,25,7,6,0,3,0,0,0,9.35,0.0,1.0,grginve01w,0.0,0.0,LAS,WE,1.0,W,W,W,25.0,7.0,32.0,12.0,4.0,13.0,3.0,17.0,4.0,6.0,0.0,coopemi01w,0.0,25.0,7.0,6.0,0.0,12.0,0.0,1.0,0.0,37.4,1.55,1.0
leslili01w,3,0,15.0,LAS,LAS,WE,1,1,W,W,W,25,7,32,12,4,13,3,17,4,6.0,0.0,coopemi01w,0,25,7,6,0,31,31,6,6,659.05,138.8,1.0,hallvi01w,0.0,0.0,LAS,WE,1.0,W,W,W,25.0,7.0,32.0,12.0,4.0,13.0,3.0,17.0,4.0,6.0,0.0,coopemi01w,0.0,25.0,7.0,6.0,0.0,3.0,0.0,0.0,0.0,9.35,0.0,1.0
mabikmw01w,3,0,0.0,LAS,LAS,WE,1,1,W,W,W,25,7,32,12,4,13,3,17,4,6.0,0.0,coopemi01w,0,25,7,6,0,32,32,6,6,632.8999999999999,118.49999999999997,1.0,leslili01w,0.0,15.0,LAS,WE,1.0,W,W,W,25.0,7.0,32.0,12.0,4.0,13.0,3.0,17.0,4.0,6.0,0.0,coopemi01w,0.0,25.0,7.0,6.0,0.0,31.0,31.0,6.0,6.0,659.05,138.8,1.0
mccrini01w,3,0,0.0,LAS,LAS,WE,1,1,W,W,W,25,7,32,12,4,13,3,17,4,6.0,0.0,coopemi01w,0,25,7,6,0,32,0,5,0,123.80000000000003,10.549999999999999,1.0,mabikmw01w,0.0,0.0,LAS,WE,1.0,W,W,W,25.0,7.0,32.0,12.0,4.0,13.0,3.0,17.0,4.0,6.0,0.0,coopemi01w,0.0,25.0,7.0,6.0,0.0,32.0,32.0,6.0,6.0,632.8999999999999,118.49999999999997,1.0
miltode01w,3,0,0.0,LAS,LAS,WE,1,1,W,W,W,25,7,32,12,4,13,3,17,4,6.0,0.0,coopemi01w,0,25,7,6,0,32,25,6,3,490.45,107.15000000000003,1.0,mccrini01w,0.0,0.0,LAS,WE,1.0,W,W,W,25.0,7.0,32.0,12.0,4.0,13.0,3.0,17.0,4.0,6.0,0.0,coopemi01w,0.0,25.0,7.0,6.0,0.0,32.0,0.0,5.0,0.0,123.80000000000003,10.549999999999999,1.0
teaslni01w,3,0,0.0,LAS,LAS,WE,1,1,W,W,W,25,7,32,12,4,13,3,17,4,6.0,0.0,coopemi01w,0,25,7,6,0,32,32,6,6,367.85,84.35000000000001,1.0,miltode01w,0.0,0.0,LAS,WE,1.0,W,W,W,25.0,7.0,32.0,12.0,4.0,13.0,3.0,17.0,4.0,6.0,0.0,coopemi01w,0.0,25.0,7.0,6.0,0.0,32.0,25.0,6.0,3.0,490.45,107.15000000000003,1.0
witheso01w,3,0,0.0,LAS,LAS,WE,1,1,W,W,W,25,7,32,12,4,13,3,17,4,6.0,0.0,coopemi01w,0,25,7,6,0,31,1,6,0,197.4,22.899999999999995,1.0,teaslni01w,0.0,0.0,LAS,WE,1.0,W,W,W,25.0,7.0,32.0,12.0,4.0,13.0,3.0,17.0,4.0,6.0,0.0,coopemi01w,0.0,25.0,7.0,6.0,0.0,32.0,32.0,6.0,6.0,367.85,84.35000000000001,1.0
byearla01w,4,0,0.0,LAS,LAS,WE,1,1,W,W,L,24,10,34,11,6,13,4,17,7,5.0,4.0,coopemi01w,0,24,10,5,4,5,0,0,0,39.150000000000006,0.0,1.0,witheso01w,0.0,0.0,LAS,WE,1.0,W,W,W,25.0,7.0,32.0,12.0,4.0,13.0,3.0,17.0,4.0,6.0,0.0,coopemi01w,0.0,25.0,7.0,6.0,0.0,31.0,1.0,6.0,0.0,197.4,22.899999999999995,1.0
dixonta01w,4,0,0.0,LAS,LAS,WE,1,1,W,W,L,24,10,34,11,6,13,4,17,7,5.0,4.0,coopemi01w,0,24,10,5,4,30,30,9,9,516.3,149.49999999999997,1.0,byearla01w,0.0,0.0,LAS,WE,1.0,W,W,L,24.0,10.0,34.0,11.0,6.0,13.0,4.0,17.0,7.0,5.0,4.0,coopemi01w,0.0,24.0,10.0,5.0,4.0,5.0,0.0,0.0,0.0,39.150000000000006,0.0,1.0
gilloje01w,4,0,0.0,LAS,LAS,WE,1,1,W,W,L,24,10,34,11,6,13,4,17,7,5.0,4.0,coopemi01w,0,24,10,5,4,33,10,6,0,172.2,5.95,1.0,dixonta01w,0.0,0.0,LAS,WE,1.0,W,W,L,24.0,10.0,34.0,11.0,6.0,13.0,4.0,17.0,7.0,5.0,4.0,coopemi01w,0.0,24.0,10.0,5.0,4.0,30.0,30.0,9.0,9.0,516.3,149.49999999999997,1.0
johnsch01w,4,0,0.0,LAS,LAS,WE,1,1,W,W,L,24,10,34,11,6,13,4,17,7,5.0,4.0,coopemi01w,0,24,10,5,4,8,0,0,0,16.049999999999997,0.0,1.0,gilloje01w,0.0,0.0,LAS,WE,1.0,W,W,L,24.0,10.0,34.0,11.0,6.0,13.0,4.0,17.0,7.0,5.0,4.0,coopemi01w,0.0,24.0,10.0,5.0,4.0,33.0,10.0,6.0,0.0,172.2,5.95,1.0
leslili01w,4,0,0.0,LAS,LAS,WE,1,1,W,W,L,24,10,34,11,6,13,4,17,7,5.0,4.0,coopemi01w,0,24,10,5,4,23,23,9,9,508.70000000000005,211.75000000000003,1.0,johnsch01w,0.0,0.0,LAS,WE,1.0,W,W,L,24.0,10.0,34.0,11.0,6.0,13.0,4.0,17.0,7.0,5.0,4.0,coopemi01w,0.0,24.0,10.0,5.0,4.0,8.0,0.0,0.0,0.0,16.049999999999997,0.0,1.0
mabikmw01w,4,0,0.0,LAS,LAS,WE,1,1,W,W,L,24,10,34,11,6,13,4,17,7,5.0,4.0,coopemi01w,0,24,10,5,4,32,30,9,9,550.6999999999999,167.95000000000002,1.0,leslili01w,0.0,0.0,LAS,WE,1.0,W,W,L,24.0,10.0,34.0,11.0,6.0,13.0,4.0,17.0,7.0,5.0,4.0,coopemi01w,0.0,24.0,10.0,5.0,4.0,23.0,23.0,9.0,9.0,508.70000000000005,211.75000000000003,1.0
mapprh01w,4,0,0.0,LAS,LAS,WE,1,1,W,W,L,24,10,34,11,6,13,4,17,7,5.0,4.0,coopemi01w,0,24,10,5,4,24,4,0,0,108.75000000000003,0.0,1.0,mabikmw01w,0.0,0.0,LAS,WE,1.0,W,W,L,24.0,10.0,34.0,11.0,6.0,13.0,4.0,17.0,7.0,5.0,4.0,coopemi01w,0.0,24.0,10.0,5.0,4.0,32.0,30.0,9.0,9.0,550.6999999999999,167.95000000000002,1.0
mccrini01w,4,0,0.0,LAS,LAS,WE,1,1,W,W,L,24,10,34,11,6,13,4,17,7,5.0,4.0,coopemi01w,0,24,10,5,4,33,1,7,0,117.9,19.749999999999996,1.0,mapprh01w,0.0,0.0,LAS,WE,1.0,W,W,L,24.0,10.0,34.0,11.0,6.0,13.0,4.0,17.0,7.0,5.0,4.0,coopemi01w,0.0,24.0,10.0,5.0,4.0,24.0,4.0,0.0,0.0,108.75000000000003,0.0,1.0
miltode01w,4,0,0.0,LAS,LAS,WE,1,1,W,W,L,24,10,34,11,6,13,4,17,7,5.0,4.0,coopemi01w,0,24,10,5,4,31,30,9,9,568.05,176.70000000000002,1.0,mccrini01w,0.0,0.0,LAS,WE,1.0,W,W,L,24.0,10.0,34.0,11.0,6.0,13.0,4.0,17.0,7.0,5.0,4.0,coopemi01w,0.0,24.0,10.0,5.0,4.0,33.0,1.0,7.0,0.0,117.9,19.749999999999996,1.0
moweje01w,4,0,0.0,LAS,LAS,WE,1,1,W,W,L,24,10,34,11,6,13,4,17,7,5.0,4.0,coopemi01w,0,24,10,5,4,1,0,0,0,4.8999999999999995,0.0,1.0,miltode01w,0.0,0.0,LAS,WE,1.0,W,W,L,24.0,10.0,34.0,11.0,6.0,13.0,4.0,17.0,7.0,5.0,4.0,coopemi01w,0.0,24.0,10.0,5.0,4.0,31.0,30.0,9.0,9.0,568.05,176.70000000000002,1.0
nygaava01w,4,0,0.0,LAS,LAS,WE,1,1,W,W,L,24,10,34,11,6,13,4,17,7,5.0,4.0,coopemi01w,0,24,10,5,4,11,3,5,0,67.69999999999999,11.35,1.0,moweje01w,0.0,0.0,LAS,WE,1.0,W,W,L,24.0,10.0,34.0,11.0,6.0,13.0,4.0,17.0,7.0,5.0,4.0,coopemi01w,0.0,24.0,10.0,5.0,4.0,1.0,0.0,0.0,0.0,4.8999999999999995,0.0,1.0
pridely01w,4,2,0.0,LAS,LAS,WE,1,1,W,W,L,24,10,34,11,6,13,4,17,7,5.0,4.0,coopemi01w,0,24,10,5,4,4,0,6,0,8.0,13.599999999999998,1.0,nygaava01w,0.0,0.0,LAS,WE,1.0,W,W,L,24.0,10.0,34.0,11.0,6.0,13.0,4.0,17.0,7.0,5.0,4.0,coopemi01w,0.0,24.0,10.0,5.0,4.0,11.0,3.0,5.0,0.0,67.69999999999999,11.35,1.0
teaslni01w,4,0,7.0,LAS,LAS,WE,1,1,W,W,L,24,10,34,11,6,13,4,17,7,5.0,4.0,coopemi01w,0,24,10,5,4,34,34,9,9,597.5500000000002,138.25,1.0,pridely01w,2.0,0.0,LAS,WE,1.0,W,W,L,24.0,10.0,34.0,11.0,6.0,13.0,4.0,17.0,7.0,5.0,4.0,coopemi01w,0.0,24.0,10.0,5.0,4.0,4.0,0.0,6.0,0.0,8.0,13.599999999999998,1.0
willish01w,4,0,0.0,LAS,LAS,WE,1,1,W,W,L,24,10,34,11,6,13,4,17,7,5.0,4.0,coopemi01w,0,24,10,5,4,25,3,4,0,92.80000000000003,2.8000000000000003,1.0,teaslni01w,0.0,7.0,LAS,WE,1.0,W,W,L,24.0,10.0,34.0,11.0,6.0,13.0,4.0,17.0,7.0,5.0,4.0,coopemi01w,0.0,24.0,10.0,5.0,4.0,34.0,34.0,9.0,9.0,597.5500000000002,138.25,1.0
witheso01w,4,0,0.0,LAS,LAS,WE,1,1,W,W,L,24,10,34,11,6,13,4,17,7,5.0,4.0,coopemi01w,0,24,10,5,4,23,2,5,0,93.95000000000002,7.050000000000002,1.0,willish01w,0.0,0.0,LAS,WE,1.0,W,W,L,24.0,10.0,34.0,11.0,6.0,13.0,4.0,17.0,7.0,5.0,4.0,coopemi01w,0.0,24.0,10.0,5.0,4.0,25.0,3.0,4.0,0.0,92.80000000000003,2.8000000000000003,1.0
cokermo01w,5,0,0.0,LAS,LAS,WE,1,1,L,,,25,9,34,15,2,10,7,16,6,1.0,2.0,coopemi01w,1,14,6,0,0,3,0,0,0,5.35,0.0,1.0,witheso01w,0.0,0.0,LAS,WE,1.0,W,W,L,24.0,10.0,34.0,11.0,6.0,13.0,4.0,17.0,7.0,5.0,4.0,coopemi01w,0.0,24.0,10.0,5.0,4.0,23.0,2.0,5.0,0.0,93.95000000000002,7.050000000000002,1.0
ferrama01w,1,0,0.0,NYL,NYL,EA,1,1,W,W,L,20,12,32,12,4,8,8,14,7,4.0,3.0,adubari99w,0,20,12,4,3,23,4,3,0,66.95,7.850000000000001,1.0,bibbyje01w,0.0,0.0,NYL,EA,1.0,W,W,L,20.0,12.0,32.0,12.0,4.0,8.0,8.0,14.0,7.0,4.0,3.0,adubari99w,0.0,20.0,12.0,4.0,3.0,17.0,0.0,3.0,0.0,30.349999999999998,3.6000000000000005,1.0
firsool01w,1,0,0.0,NYL,NYL,EA,1,1,W,W,L,20,12,32,12,4,8,8,14,7,4.0,3.0,adubari99w,0,20,12,4,3,9,0,3,0,13.350000000000003,4.75,1.0,ferrama01w,0.0,0.0,NYL,EA,1.0,W,W,L,20.0,12.0,32.0,12.0,4.0,8.0,8.0,14.0,7.0,4.0,3.0,adubari99w,0.0,20.0,12.0,4.0,3.0,23.0,4.0,3.0,0.0,66.95,7.850000000000001,1.0
francde01w,1,0,0.0,NYL,NYL,EA,1,1,W,W,L,20,12,32,12,4,8,8,14,7,4.0,3.0,adubari99w,0,20,12,4,3,1,0,2,0,0.45,1.3,1.0,firsool01w,0.0,0.0,NYL,EA,1.0,W,W,L,20.0,12.0,32.0,12.0,4.0,8.0,8.0,14.0,7.0,4.0,3.0,adubari99w,0.0,20.0,12.0,4.0,3.0,9.0,0.0,3.0,0.0,13.350000000000003,4.75,1.0
hammobe01w,1,0,0.0,NYL,NYL,EA,1,1,W,W,L,20,12,32,12,4,8,8,14,7,4.0,3.0,adubari99w,0,20,12,4,3,32,16,7,7,426.25,89.90000000000002,1.0,francde01w,0.0,0.0,NYL,EA,1.0,W,W,L,20.0,12.0,32.0,12.0,4.0,8.0,8.0,14.0,7.0,4.0,3.0,adubari99w,0.0,20.0,12.0,4.0,3.0,1.0,0.0,2.0,0.0,0.45,1.3,1.0
johnsvi01w,1,0,0.0,NYL,NYL,EA,1,1,W,W,L,20,12,32,12,4,8,8,14,7,4.0,3.0,adubari99w,0,20,12,4,3,31,31,7,7,491.84999999999997,108.50000000000001,1.0,hammobe01w,0.0,0.0,NYL,EA,1.0,W,W,L,20.0,12.0,32.0,12.0,4.0,8.0,8.0,14.0,7.0,4.0,3.0,adubari99w,0.0,20.0,12.0,4.0,3.0,32.0,16.0,7.0,7.0,426.25,89.90000000000002,1.0
lacyve01w,1,0,0.0,NYL,NYL,EA,1,1,W,W,L,20,12,32,12,4,8,8,14,7,4.0,3.0,adubari99w,0,20,12,4,3,2,2,0,0,8.200000000000001,0.0,1.0,johnsvi01w,0.0,0.0,NYL,EA,1.0,W,W,L,20.0,12.0,32.0,12.0,4.0,8.0,8.0,14.0,7.0,4.0,3.0,adubari99w,0.0,20.0,12.0,4.0,3.0,31.0,31.0,7.0,7.0,491.84999999999997,108.50000000000001,1.0
mahonsh01w,1,0,0.0,NYL,NYL,EA,1,1,W,W,L,20,12,32,12,4,8,8,14,7,4.0,3.0,adubari99w,0,20,12,4,3,15,3,0,0,58.49999999999999,0.0,1.0,lacyve01w,0.0,0.0,NYL,EA,1.0,W,W,L,20.0,12.0,32.0,12.0,4.0,8.0,8.0,14.0,7.0,4.0,3.0,adubari99w,0.0,20.0,12.0,4.0,3.0,2.0,2.0,0.0,0.0,8.200000000000001,0.0,1.0
phillta01w,1,0,5.0,NYL,NYL,EA,1,1,W,W,L,20,12,32,12,4,8,8,14,7,4.0,3.0,adubari99w,0,20,12,4,3,31,30,7,7,526.0500000000002,128.45000000000002,1.0,mahonsh01w,0.0,0.0,NYL,EA,1.0,W,W,L,20.0,12.0,32.0,12.0,4.0,8.0,8.0,14.0,7.0,4.0,3.0,adubari99w,0.0,20.0,12.0,4.0,3.0,15.0,3.0,0.0,0.0,58.49999999999999,0.0,1.0
robincr01w,1,0,0.0,NYL,NYL,EA,1,1,W,W,L,20,12,32,12,4,8,8,14,7,4.0,3.0,adubari99w,0,20,12,4,3,27,14,7,0,338.3500000000001,67.45,1.0,phillta01w,0.0,5.0,NYL,EA,1.0,W,W,L,20.0,12.0,32.0,12.0,4.0,8.0,8.0,14.0,7.0,4.0,3.0,adubari99w,0.0,20.0,12.0,4.0,3.0,31.0,30.0,7.0,7.0,526.0500000000002,128.45000000000002,1.0
weathte01w,1,0,0.0,NYL,NYL,EA,1,1,W,W,L,20,12,32,12,4,8,8,14,7,4.0,3.0,adubari99w,0,20,12,4,3,32,32,7,7,427.6000000000001,87.8,1.0,robincr01w,0.0,0.0,NYL,EA,1.0,W,W,L,20.0,12.0,32.0,12.0,4.0,8.0,8.0,14.0,7.0,4.0,3.0,adubari99w,0.0,20.0,12.0,4.0,3.0,27.0,14.0,7.0,0.0,338.3500000000001,67.45,1.0
whitmta01w,1,0,0.0,NYL,NYL,EA,1,1,W,W,L,20,12,32,12,4,8,8,14,7,4.0,3.0,adubari99w,0,20,12,4,3,32,16,7,7,341.15,98.25,1.0,weathte01w,0.0,0.0,NYL,EA,1.0,W,W,L,20.0,12.0,32.0,12.0,4.0,8.0,8.0,14.0,7.0,4.0,3.0,adubari99w,0.0,20.0,12.0,4.0,3.0,32.0,32.0,7.0,7.0,427.6000000000001,87.8,1.0
wickssu01w,1,0,0.0,NYL,NYL,EA,1,1,W,W,L,20,12,32,12,4,8,8,14,7,4.0,3.0,adubari99w,0,20,12,4,3,32,12,7,0,288.79999999999995,52.99999999999999,1.0,whitmta01w,0.0,0.0,NYL,EA,1.0,W,W,L,20.0,12.0,32.0,12.0,4.0,8.0,8.0,14.0,7.0,4.0,3.0,adubari99w,0.0,20.0,12.0,4.0,3.0,32.0,16.0,7.0,7.0,341.15,98.25,1.0
amachma01w,2,0,0.0,NYL,NYL,EA,2,1,W,L,,21,11,32,13,3,8,8,13,8,3.0,3.0,adubari99w,0,21,11,3,3,2,0,0,0,1.9499999999999997,0.0,1.0,wickssu01w,0.0,0.0,NYL,EA,1.0,W,W,L,20.0,12.0,32.0,12.0,4.0,8.0,8.0,14.0,7.0,4.0,3.0,adubari99w,0.0,20.0,12.0,4.0,3.0,32.0,12.0,7.0,0.0,288.79999999999995,52.99999999999999,1.0
frohlli01w,3,0,0.0,NYL,NYL,EA,1,1,W,W,L,18,14,32,10,6,8,8,11,10,4.0,4.0,adubari99w,0,18,14,4,4,16,0,3,0,22.300000000000004,6.250000000000001,1.0,coopeca01w,0.0,0.0,NYL,EA,1.0,W,W,L,18.0,14.0,32.0,10.0,6.0,8.0,8.0,11.0,10.0,4.0,4.0,adubari99w,0.0,18.0,14.0,4.0,4.0,23.0,1.0,3.0,0.0,47.349999999999994,5.549999999999999,1.0
hammobe01w,3,0,0.0,NYL,NYL,EA,1,1,W,W,L,18,14,32,10,6,8,8,11,10,4.0,4.0,adubari99w,0,18,14,4,4,32,1,8,0,330.75000000000006,95.55000000000003,1.0,frohlli01w,0.0,0.0,NYL,EA,1.0,W,W,L,18.0,14.0,32.0,10.0,6.0,8.0,8.0,11.0,10.0,4.0,4.0,adubari99w,0.0,18.0,14.0,4.0,4.0,16.0,0.0,3.0,0.0,22.300000000000004,6.250000000000001,1.0
hledeko01w,3,0,0.0,NYL,NYL,EA,1,1,W,W,L,18,14,32,10,6,8,8,11,10,4.0,4.0,adubari99w,0,18,14,4,4,16,0,2,0,46.75,5.500000000000002,1.0,hammobe01w,0.0,0.0,NYL,EA,1.0,W,W,L,18.0,14.0,32.0,10.0,6.0,8.0,8.0,11.0,10.0,4.0,4.0,adubari99w,0.0,18.0,14.0,4.0,4.0,32.0,1.0,8.0,0.0,330.75000000000006,95.55000000000003,1.0
johnsvi01w,3,0,0.0,NYL,NYL,EA,1,1,W,W,L,18,14,32,10,6,8,8,11,10,4.0,4.0,adubari99w,0,18,14,4,4,31,31,8,8,479.65,124.4,1.0,hledeko01w,0.0,0.0,NYL,EA,1.0,W,W,L,18.0,14.0,32.0,10.0,6.0,8.0,8.0,11.0,10.0,4.0,4.0,adubari99w,0.0,18.0,14.0,4.0,4.0,16.0,0.0,2.0,0.0,46.75,5.500000000000002,1.0
ngoyibe01w,3,0,0.0,NYL,NYL,EA,1,1,W,W,L,18,14,32,10,6,8,8,11,10,4.0,4.0,adubari99w,0,18,14,4,4,7,0,3,0,7.800000000000001,7.7,1.0,johnsvi01w,0.0,0.0,NYL,EA,1.0,W,W,L,18.0,14.0,32.0,10.0,6.0,8.0,8.0,11.0,10.0,4.0,4.0,adubari99w,0.0,18.0,14.0,4.0,4.0,31.0,31.0,8.0,8.0,479.65,124.4,1.0
phillta01w,3,0,0.0,NYL,NYL,EA,1,1,W,W,L,18,14,32,10,6,8,8,11,10,4.0,4.0,adubari99w,0,18,14,4,4,32,31,8,8,536.6999999999999,133.89999999999998,1.0,ngoyibe01w,0.0,0.0,NYL,EA,1.0,W,W,L,18.0,14.0,32.0,10.0,6.0,8.0,8.0,11.0,10.0,4.0,4.0,adubari99w,0.0,18.0,14.0,4.0,4.0,7.0,0.0,3.0,0.0,7.800000000000001,7.7,1.0
robincr01w,3,0,0.0,NYL,NYL,EA,1,1,W,W,L,18,14,32,10,6,8,8,11,10,4.0,4.0,adubari99w,0,18,14,4,4,32,32,8,8,525.8500000000001,111.04999999999998,1.0,phillta01w,0.0,0.0,NYL,EA,1.0,W,W,L,18.0,14.0,32.0,10.0,6.0,8.0,8.0,11.0,10.0,4.0,4.0,adubari99w,0.0,18.0,14.0,4.0,4.0,32.0,31.0,8.0,8.0,536.6999999999999,133.89999999999998,1.0
weathte01w,3,0,0.0,NYL,NYL,EA,1,1,W,W,L,18,14,32,10,6,8,8,11,10,4.0,4.0,adubari99w,0,18,14,4,4,32,32,8,8,324.3,102.25,1.0,robincr01w,0.0,0.0,NYL,EA,1.0,W,W,L,18.0,14.0,32.0,10.0,6.0,8.0,8.0,11.0,10.0,4.0,4.0,adubari99w,0.0,18.0,14.0,4.0,4.0,32.0,32.0,8.0,8.0,525.8500000000001,111.04999999999998,1.0
whitmta01w,3,0,0.0,NYL,NYL,EA,1,1,W,W,L,18,14,32,10,6,8,8,11,10,4.0,4.0,adubari99w,0,18,14,4,4,32,32,8,8,502.1,144.39999999999995,1.0,weathte01w,0.0,0.0,NYL,EA,1.0,W,W,L,18.0,14.0,32.0,10.0,6.0,8.0,8.0,11.0,10.0,4.0,4.0,adubari99w,0.0,18.0,14.0,4.0,4.0,32.0,32.0,8.0,8.0,324.3,102.25,1.0
wickssu01w,3,0,0.0,NYL,NYL,EA,1,1,W,W,L,18,14,32,10,6,8,8,11,10,4.0,4.0,adubari99w,0,18,14,4,4,30,0,8,0,163.05,37.55000000000002,0.0,whitmta01w,0.0,0.0,NYL,EA,1.0,W,W,L,18.0,14.0,32.0,10.0,6.0,8.0,8.0,11.0,10.0,4.0,4.0,adubari99w,0.0,18.0,14.0,4.0,4.0,32.0,32.0,8.0,8.0,502.1,144.39999999999995,1.0
baranel01w,4,0,0.0,NYL,NYL,EA,6,0,,,,16,18,34,11,6,5,12,11,13,,,adubari99w,0,16,18,0,0,33,7,0,0,422.04999999999995,0.0,0.0,wickssu01w,0.0,0.0,NYL,EA,1.0,W,W,L,18.0,14.0,32.0,10.0,6.0,8.0,8.0,11.0,10.0,4.0,4.0,adubari99w,0.0,18.0,14.0,4.0,4.0,30.0,0.0,8.0,0.0,163.05,37.55000000000002,0.0
lacyje01w,8,0,0.0,PHO,PHO,WE,1,1,W,W,W,23,11,34,12,5,11,6,17,5,7.0,2.0,westhpa99w,0,23,11,7,2,20,0,1,0,47.150000000000006,2.1,1.0,derevje01w,0.0,0.0,PHO,WE,1.0,W,W,W,23.0,11.0,34.0,12.0,5.0,11.0,6.0,17.0,5.0,7.0,2.0,westhpa99w,0.0,23.0,11.0,7.0,2.0,23.0,0.0,1.0,0.0,73.94999999999999,0.4,1.0
mazzake01w,8,0,0.0,PHO,PHO,WE,1,1,W,W,W,23,11,34,12,5,11,6,17,5,7.0,2.0,westhpa99w,0,23,11,7,2,34,3,9,0,251.7,75.25000000000001,1.0,lacyje01w,0.0,0.0,PHO,WE,1.0,W,W,W,23.0,11.0,34.0,12.0,5.0,11.0,6.0,17.0,5.0,7.0,2.0,westhpa99w,0.0,23.0,11.0,7.0,2.0,20.0,0.0,1.0,0.0,47.150000000000006,2.1,1.0
mckivte01w,8,0,0.0,PHO,PHO,WE,1,1,W,W,W,23,11,34,12,5,11,6,17,5,7.0,2.0,westhpa99w,0,23,11,7,2,2,0,0,0,1.9000000000000001,0.0,1.0,mazzake01w,0.0,0.0,PHO,WE,1.0,W,W,W,23.0,11.0,34.0,12.0,5.0,11.0,6.0,17.0,5.0,7.0,2.0,westhpa99w,0.0,23.0,11.0,7.0,2.0,34.0,3.0,9.0,0.0,251.7,75.25000000000001,1.0
milleke01w,8,0,0.0,PHO,PHO,WE,1,1,W,W,W,23,11,34,12,5,11,6,17,5,7.0,2.0,westhpa99w,0,23,11,7,2,34,34,9,9,488.55,147.75000000000003,1.0,mckivte01w,0.0,0.0,PHO,WE,1.0,W,W,W,23.0,11.0,34.0,12.0,5.0,11.0,6.0,17.0,5.0,7.0,2.0,westhpa99w,0.0,23.0,11.0,7.0,2.0,2.0,0.0,0.0,0.0,1.9000000000000001,0.0,1.0
moisead01w,8,0,0.0,PHO,PHO,WE,1,1,W,W,W,23,11,34,12,5,11,6,17,5,7.0,2.0,westhpa99w,0,23,11,7,2,4,0,0,0,11.1,0.0,1.0,milleke01w,0.0,0.0,PHO,WE,1.0,W,W,W,23.0,11.0,34.0,12.0,5.0,11.0,6.0,17.0,5.0,7.0,2.0,westhpa99w,0.0,23.0,11.0,7.0,2.0,34.0,34.0,9.0,9.0,488.55,147.75000000000003,1.0
pondeca01w,8,0,8.0,PHO,PHO,WE,1,1,W,W,W,23,11,34,12,5,11,6,17,5,7.0,2.0,westhpa99w,0,23,11,7,2,31,31,9,9,587.5500000000001,220.74999999999997,1.0,moisead01w,0.0,0.0,PHO,WE,1.0,W,W,W,23.0,11.0,34.0,12.0,5.0,11.0,6.0,17.0,5.0,7.0,2.0,westhpa99w,0.0,23.0,11.0,7.0,2.0,4.0,0.0,0.0,0.0,11.1,0.0,1.0
schumke01w,8,0,0.0,PHO,PHO,WE,1,1,W,W,W,23,11,34,12,5,11,6,17,5,7.0,2.0,westhpa99w,0,23,11,7,2,34,0,9,0,250.00000000000006,42.8,1.0,pondeca01w,0.0,8.0,PHO,WE,1.0,W,W,W,23.0,11.0,34.0,12.0,5.0,11.0,6.0,17.0,5.0,7.0,2.0,westhpa99w,0.0,23.0,11.0,7.0,2.0,31.0,31.0,9.0,9.0,587.5500000000001,220.74999999999997,1.0
scottol01w,8,0,0.0,PHO,PHO,WE,1,1,W,W,W,23,11,34,12,5,11,6,17,5,7.0,2.0,westhpa99w,0,23,11,7,2,8,0,1,0,14.599999999999998,0.45,1.0,schumke01w,0.0,0.0,PHO,WE,1.0,W,W,W,23.0,11.0,34.0,12.0,5.0,11.0,6.0,17.0,5.0,7.0,2.0,westhpa99w,0.0,23.0,11.0,7.0,2.0,34.0,0.0,9.0,0.0,250.00000000000006,42.8,1.0
smithta01w,8,0,0.0,PHO,PHO,WE,1,1,W,W,W,23,11,34,12,5,11,6,17,5,7.0,2.0,westhpa99w,0,23,11,7,2,34,34,9,9,569.6,154.24999999999997,1.0,scottol01w,0.0,0.0,PHO,WE,1.0,W,W,W,23.0,11.0,34.0,12.0,5.0,11.0,6.0,17.0,5.0,7.0,2.0,westhpa99w,0.0,23.0,11.0,7.0,2.0,8.0,0.0,1.0,0.0,14.599999999999998,0.45,1.0
snellbe01w,8,0,0.0,PHO,PHO,WE,1,1,W,W,W,23,11,34,12,5,11,6,17,5,7.0,2.0,westhpa99w,0,23,11,7,2,30,2,8,0,172.2,26.399999999999995,1.0,smithta01w,0.0,0.0,PHO,WE,1.0,W,W,W,23.0,11.0,34.0,12.0,5.0,11.0,6.0,17.0,5.0,7.0,2.0,westhpa99w,0.0,23.0,11.0,7.0,2.0,34.0,34.0,9.0,9.0,569.6,154.24999999999997,1.0
tauradi01w,8,0,0.0,PHO,PHO,WE,1,1,W,W,W,23,11,34,12,5,11,6,17,5,7.0,2.0,westhpa99w,0,23,11,7,2,32,32,9,9,695.2500000000001,198.64999999999998,1.0,snellbe01w,0.0,0.0,PHO,WE,1.0,W,W,W,23.0,11.0,34.0,12.0,5.0,11.0,6.0,17.0,5.0,7.0,2.0,westhpa99w,0.0,23.0,11.0,7.0,2.0,30.0,2.0,8.0,0.0,172.2,26.399999999999995,1.0
taylope01w,8,0,0.0,PHO,PHO,WE,1,1,W,W,W,23,11,34,12,5,11,6,17,5,7.0,2.0,westhpa99w,0,23,11,7,2,34,34,9,9,674.7,204.25,0.0,tauradi01w,0.0,0.0,PHO,WE,1.0,W,W,W,23.0,11.0,34.0,12.0,5.0,11.0,6.0,17.0,5.0,7.0,2.0,westhpa99w,0.0,23.0,11.0,7.0,2.0,32.0,32.0,9.0,9.0,695.2500000000001,198.64999999999998,1.0
crockwi01w,9,0,0.0,PHO,PHO,WE,6,0,,,,16,18,34,10,7,6,11,8,12,,,gaineco01w,0,16,18,0,0,5,1,0,0,18.650000000000002,0.0,0.0,taylope01w,0.0,0.0,PHO,WE,1.0,W,W,W,23.0,11.0,34.0,12.0,5.0,11.0,6.0,17.0,5.0,7.0,2.0,westhpa99w,0.0,23.0,11.0,7.0,2.0,34.0,34.0,9.0,9.0,674.7,204.25,0.0
johnste01w,10,0,0.0,PHO,PHO,WE,1,1,W,W,W,23,11,34,12,5,11,6,13,7,7.0,4.0,gaineco01w,0,23,11,7,4,34,34,11,11,450.95,121.70000000000002,1.0,bonnede01w,0.0,6.0,PHO,WE,1.0,W,W,W,23.0,11.0,34.0,12.0,5.0,11.0,6.0,13.0,7.0,7.0,4.0,gaineco01w,0.0,23.0,11.0,7.0,4.0,34.0,0.0,11.0,0.0,448.09999999999997,111.95,1.0
mazzake01w,10,0,0.0,PHO,PHO,WE,1,1,W,W,W,23,11,34,12,5,11,6,13,7,7.0,4.0,gaineco01w,0,23,11,7,4,31,2,4,0,183.2,3.2500000000000004,1.0,johnste01w,0.0,0.0,PHO,WE,1.0,W,W,W,23.0,11.0,34.0,12.0,5.0,11.0,6.0,13.0,7.0,7.0,4.0,gaineco01w,0.0,23.0,11.0,7.0,4.0,34.0,34.0,11.0,11.0,450.95,121.70000000000002,1.0
ohldeni01w,10,0,0.0,PHO,PHO,WE,1,1,W,W,W,23,11,34,12,5,11,6,13,7,7.0,4.0,gaineco01w,0,23,11,7,4,21,0,11,0,150.45000000000002,55.699999999999996,1.0,mazzake01w,0.0,0.0,PHO,WE,1.0,W,W,W,23.0,11.0,34.0,12.0,5.0,11.0,6.0,13.0,7.0,7.0,4.0,gaineco01w,0.0,23.0,11.0,7.0,4.0,31.0,2.0,4.0,0.0,183.2,3.2500000000000004,1.0
pondeca01w,10,0,0.0,PHO,PHO,WE,1,1,W,W,W,23,11,34,12,5,11,6,13,7,7.0,4.0,gaineco01w,0,23,11,7,4,34,34,11,11,699.5500000000002,213.79999999999998,1.0,ohldeni01w,0.0,0.0,PHO,WE,1.0,W,W,W,23.0,11.0,34.0,12.0,5.0,11.0,6.0,13.0,7.0,7.0,4.0,gaineco01w,0.0,23.0,11.0,7.0,4.0,21.0,0.0,11.0,0.0,150.45000000000002,55.699999999999996,1.0
quiglal01w,10,0,0.0,PHO,PHO,WE,1,1,W,W,W,23,11,34,12,5,11,6,13,7,7.0,4.0,gaineco01w,0,23,11,7,4,6,0,0,0,13.9,0.0,1.0,pondeca01w,0.0,0.0,PHO,WE,1.0,W,W,W,23.0,11.0,34.0,12.0,5.0,11.0,6.0,13.0,7.0,7.0,4.0,gaineco01w,0.0,23.0,11.0,7.0,4.0,34.0,34.0,11.0,11.0,699.5500000000002,213.79999999999998,1.0
smithbr01w,10,0,0.0,PHO,PHO,WE,1,1,W,W,W,23,11,34,12,5,11,6,13,7,7.0,4.0,gaineco01w,0,23,11,7,4,21,0,1,0,53.74999999999999,3.6000000000000005,1.0,quiglal01w,0.0,0.0,PHO,WE,1.0,W,W,W,23.0,11.0,34.0,12.0,5.0,11.0,6.0,13.0,7.0,7.0,4.0,gaineco01w,0.0,23.0,11.0,7.0,4.0,6.0,0.0,0.0,0.0,13.9,0.0,1.0
smithta01w,10,0,0.0,PHO,PHO,WE,1,1,W,W,W,23,11,34,12,5,11,6,13,7,7.0,4.0,gaineco01w,0,23,11,7,4,34,34,11,11,472.09999999999997,154.65000000000003,1.0,smithbr01w,0.0,0.0,PHO,WE,1.0,W,W,W,23.0,11.0,34.0,12.0,5.0,11.0,6.0,13.0,7.0,7.0,4.0,gaineco01w,0.0,23.0,11.0,7.0,4.0,21.0,0.0,1.0,0.0,53.74999999999999,3.6000000000000005,1.0
swanike01w,10,0,0.0,PHO,PHO,WE,1,1,W,W,W,23,11,34,12,5,11,6,13,7,7.0,4.0,gaineco01w,0,23,11,7,4,33,0,9,0,160.25000000000003,36.8,1.0,smithta01w,0.0,0.0,PHO,WE,1.0,W,W,W,23.0,11.0,34.0,12.0,5.0,11.0,6.0,13.0,7.0,7.0,4.0,gaineco01w,0.0,23.0,11.0,7.0,4.0,34.0,34.0,11.0,11.0,472.09999999999997,154.65000000000003,1.0
tauradi01w,10,0,18.0,PHO,PHO,WE,1,1,W,W,W,23,11,34,12,5,11,6,13,7,7.0,4.0,gaineco01w,0,23,11,7,4,31,31,11,11,696.0,262.7,1.0,swanike01w,0.0,0.0,PHO,WE,1.0,W,W,W,23.0,11.0,34.0,12.0,5.0,11.0,6.0,13.0,7.0,7.0,4.0,gaineco01w,0.0,23.0,11.0,7.0,4.0,33.0,0.0,9.0,0.0,160.25000000000003,36.8,1.0
taylope01w,10,0,0.0,PHO,PHO,WE,1,1,W,W,W,23,11,34,12,5,11,6,13,7,7.0,4.0,gaineco01w,0,23,11,7,4,14,1,11,0,170.2,174.45000000000005,1.0,tauradi01w,0.0,18.0,PHO,WE,1.0,W,W,W,23.0,11.0,34.0,12.0,5.0,11.0,6.0,13.0,7.0,7.0,4.0,gaineco01w,0.0,23.0,11.0,7.0,4.0,31.0,31.0,11.0,11.0,696.0,262.7,1.0
willile01w,10,0,0.0,PHO,PHO,WE,1,1,W,W,W,23,11,34,12,5,11,6,13,7,7.0,4.0,gaineco01w,0,23,11,7,4,34,34,11,11,392.0499999999999,120.05000000000001,0.0,taylope01w,0.0,0.0,PHO,WE,1.0,W,W,W,23.0,11.0,34.0,12.0,5.0,11.0,6.0,13.0,7.0,7.0,4.0,gaineco01w,0.0,23.0,11.0,7.0,4.0,14.0,1.0,11.0,0.0,170.2,174.45000000000005,1.0
feifesu01w,6,0,0.0,SAC,SAC,WE,1,1,W,W,W,25,9,34,15,2,10,7,17,5,7.0,1.0,whisejo99w,0,25,9,7,1,5,0,0,0,10.650000000000004,0.0,1.0,brunsre01w,0.0,0.0,SAC,WE,1.0,W,W,W,25.0,9.0,34.0,15.0,2.0,10.0,7.0,17.0,5.0,7.0,1.0,whisejo99w,0.0,25.0,9.0,7.0,1.0,34.0,16.0,8.0,8.0,361.75,86.85,1.0
griffyo01w,6,0,8.0,SAC,SAC,WE,1,1,W,W,W,25,9,34,15,2,10,7,17,5,7.0,1.0,whisejo99w,0,25,9,7,1,34,33,8,8,558.0000000000001,154.55000000000004,1.0,feifesu01w,0.0,0.0,SAC,WE,1.0,W,W,W,25.0,9.0,34.0,15.0,2.0,10.0,7.0,17.0,5.0,7.0,1.0,whisejo99w,0.0,25.0,9.0,7.0,1.0,5.0,0.0,0.0,0.0,10.650000000000004,0.0,1.0
haynikr01w,6,0,0.0,SAC,SAC,WE,1,1,W,W,W,25,9,34,15,2,10,7,17,5,7.0,1.0,whisejo99w,0,25,9,7,1,30,0,8,0,182.40000000000006,38.6,1.0,griffyo01w,0.0,8.0,SAC,WE,1.0,W,W,W,25.0,9.0,34.0,15.0,2.0,10.0,7.0,17.0,5.0,7.0,1.0,whisejo99w,0.0,25.0,9.0,7.0,1.0,34.0,33.0,8.0,8.0,558.0000000000001,154.55000000000004,1.0
lawsoka01w,6,0,0.0,SAC,SAC,WE,1,1,W,W,W,25,9,34,15,2,10,7,17,5,7.0,1.0,whisejo99w,0,25,9,7,1,24,1,8,2,248.7,112.94999999999999,1.0,haynikr01w,0.0,0.0,SAC,WE,1.0,W,W,W,25.0,9.0,34.0,15.0,2.0,10.0,7.0,17.0,5.0,7.0,1.0,whisejo99w,0.0,25.0,9.0,7.0,1.0,30.0,0.0,8.0,0.0,182.40000000000006,38.6,1.0
maigaha01w,6,0,0.0,SAC,SAC,WE,1,1,W,W,W,25,9,34,15,2,10,7,17,5,7.0,1.0,whisejo99w,0,25,9,7,1,34,0,8,0,183.25000000000003,39.0,1.0,lawsoka01w,0.0,0.0,SAC,WE,1.0,W,W,W,25.0,9.0,34.0,15.0,2.0,10.0,7.0,17.0,5.0,7.0,1.0,whisejo99w,0.0,25.0,9.0,7.0,1.0,24.0,1.0,8.0,2.0,248.7,112.94999999999999,1.0
miaomi01w,6,0,0.0,SAC,SAC,WE,1,1,W,W,W,25,9,34,15,2,10,7,17,5,7.0,1.0,whisejo99w,0,25,9,7,1,18,0,0,0,52.35,0.0,1.0,maigaha01w,0.0,0.0,SAC,WE,1.0,W,W,W,25.0,9.0,34.0,15.0,2.0,10.0,7.0,17.0,5.0,7.0,1.0,whisejo99w,0.0,25.0,9.0,7.0,1.0,34.0,0.0,8.0,0.0,183.25000000000003,39.0,1.0
newtoch01w,6,0,0.0,SAC,SAC,WE,1,1,W,W,W,25,9,34,15,2,10,7,17,5,7.0,1.0,whisejo99w,0,25,9,7,1,34,34,8,8,273.6,69.39999999999999,1.0,miaomi01w,0.0,0.0,SAC,WE,1.0,W,W,W,25.0,9.0,34.0,15.0,2.0,10.0,7.0,17.0,5.0,7.0,1.0,whisejo99w,0.0,25.0,9.0,7.0,1.0,18.0,0.0,0.0,0.0,52.35,0.0,1.0
penicti01w,6,0,0.0,SAC,SAC,WE,1,1,W,W,W,25,9,34,15,2,10,7,17,5,7.0,1.0,whisejo99w,0,25,9,7,1,34,33,6,6,380.59999999999997,65.85,1.0,newtoch01w,0.0,0.0,SAC,WE,1.0,W,W,W,25.0,9.0,34.0,15.0,2.0,10.0,7.0,17.0,5.0,7.0,1.0,whisejo99w,0.0,25.0,9.0,7.0,1.0,34.0,34.0,8.0,8.0,273.6,69.39999999999999,1.0
powelni01w,6,0,0.0,SAC,SAC,WE,1,1,W,W,W,25,9,34,15,2,10,7,17,5,7.0,1.0,whisejo99w,0,25,9,7,1,34,34,8,8,503.40000000000015,120.3,1.0,penicti01w,0.0,0.0,SAC,WE,1.0,W,W,W,25.0,9.0,34.0,15.0,2.0,10.0,7.0,17.0,5.0,7.0,1.0,whisejo99w,0.0,25.0,9.0,7.0,1.0,34.0,33.0,6.0,6.0,380.59999999999997,65.85,1.0
scottol01w,6,0,0.0,SAC,SAC,WE,1,1,W,W,W,25,9,34,15,2,10,7,17,5,7.0,1.0,whisejo99w,0,25,9,7,1,18,0,7,0,65.55000000000001,16.1,1.0,powelni01w,0.0,0.0,SAC,WE,1.0,W,W,W,25.0,9.0,34.0,15.0,2.0,10.0,7.0,17.0,5.0,7.0,1.0,whisejo99w,0.0,25.0,9.0,7.0,1.0,34.0,34.0,8.0,8.0,503.40000000000015,120.3,1.0
walkede01w,6,0,0.0,SAC,SAC,WE,1,1,W,W,W,25,9,34,15,2,10,7,17,5,7.0,1.0,whisejo99w,0,25,9,7,1,22,19,6,0,342.3500000000001,75.8,1.0,scottol01w,0.0,0.0,SAC,WE,1.0,W,W,W,25.0,9.0,34.0,15.0,2.0,10.0,7.0,17.0,5.0,7.0,1.0,whisejo99w,0.0,25.0,9.0,7.0,1.0,18.0,0.0,7.0,0.0,65.55000000000001,16.1,1.0
brunsre01w,7,0,0.0,SAC,SAC,WE,2,1,W,W,L,21,13,34,14,3,7,10,10,10,6.0,3.0,whisejo99w,0,21,13,6,3,34,14,9,0,315.65,76.99999999999997,1.0,walkede01w,0.0,0.0,SAC,WE,1.0,W,W,W,25.0,9.0,34.0,15.0,2.0,10.0,7.0,17.0,5.0,7.0,1.0,whisejo99w,0.0,25.0,9.0,7.0,1.0,22.0,19.0,6.0,0.0,342.3500000000001,75.8,1.0
griffyo01w,7,0,6.0,SAC,SAC,WE,2,1,W,W,L,21,13,34,14,3,7,10,10,10,6.0,3.0,whisejo99w,0,21,13,6,3,34,34,9,9,499.2,152.75,1.0,brunsre01w,0.0,0.0,SAC,WE,2.0,W,W,L,21.0,13.0,34.0,14.0,3.0,7.0,10.0,10.0,10.0,6.0,3.0,whisejo99w,0.0,21.0,13.0,6.0,3.0,34.0,14.0,9.0,0.0,315.65,76.99999999999997,1.0
haynikr01w,7,0,0.0,SAC,SAC,WE,2,1,W,W,L,21,13,34,14,3,7,10,10,10,6.0,3.0,whisejo99w,0,21,13,6,3,34,0,9,0,215.74999999999997,67.4,1.0,griffyo01w,0.0,6.0,SAC,WE,2.0,W,W,L,21.0,13.0,34.0,14.0,3.0,7.0,10.0,10.0,10.0,6.0,3.0,whisejo99w,0.0,21.0,13.0,6.0,3.0,34.0,34.0,9.0,9.0,499.2,152.75,1.0
lawsoka01w,7,0,0.0,SAC,SAC,WE,2,1,W,W,L,21,13,34,14,3,7,10,10,10,6.0,3.0,whisejo99w,0,21,13,6,3,34,6,9,9,364.40000000000003,142.8,1.0,haynikr01w,0.0,0.0,SAC,WE,2.0,W,W,L,21.0,13.0,34.0,14.0,3.0,7.0,10.0,10.0,10.0,6.0,3.0,whisejo99w,0.0,21.0,13.0,6.0,3.0,34.0,0.0,9.0,0.0,215.74999999999997,67.4,1.0
maigaha01w,7,0,0.0,SAC,SAC,WE,2,1,W,W,L,21,13,34,14,3,7,10,10,10,6.0,3.0,whisejo99w,0,21,13,6,3,34,7,9,0,242.20000000000005,52.4,1.0,lawsoka01w,0.0,0.0,SAC,WE,2.0,W,W,L,21.0,13.0,34.0,14.0,3.0,7.0,10.0,10.0,10.0,6.0,3.0,whisejo99w,0.0,21.0,13.0,6.0,3.0,34.0,6.0,9.0,9.0,364.40000000000003,142.8,1.0
penicti01w,7,0,4.0,SAC,SAC,WE,2,1,W,W,L,21,13,34,14,3,7,10,10,10,6.0,3.0,whisejo99w,0,21,13,6,3,34,34,9,9,341.5,87.95000000000002,1.0,maigaha01w,0.0,0.0,SAC,WE,2.0,W,W,L,21.0,13.0,34.0,14.0,3.0,7.0,10.0,10.0,10.0,6.0,3.0,whisejo99w,0.0,21.0,13.0,6.0,3.0,34.0,7.0,9.0,0.0,242.20000000000005,52.4,1.0
powelni01w,7,0,0.0,SAC,SAC,WE,2,1,W,W,L,21,13,34,14,3,7,10,10,10,6.0,3.0,whisejo99w,0,21,13,6,3,34,34,9,9,457.19999999999993,134.54999999999998,1.0,penicti01w,0.0,4.0,SAC,WE,2.0,W,W,L,21.0,13.0,34.0,14.0,3.0,7.0,10.0,10.0,10.0,6.0,3.0,whisejo99w,0.0,21.0,13.0,6.0,3.0,34.0,34.0,9.0,9.0,341.5,87.95000000000002,1.0
smithki01w,7,0,0.0,SAC,SAC,WE,2,1,W,W,L,21,13,34,14,3,7,10,10,10,6.0,3.0,whisejo99w,0,21,13,6,3,31,0,5,0,126.1,5.05,1.0,powelni01w,0.0,0.0,SAC,WE,2.0,W,W,L,21.0,13.0,34.0,14.0,3.0,7.0,10.0,10.0,10.0,6.0,3.0,whisejo99w,0.0,21.0,13.0,6.0,3.0,34.0,34.0,9.0,9.0,457.19999999999993,134.54999999999998,1.0
walkede01w,7,0,0.0,SAC,SAC,WE,2,1,W,W,L,21,13,34,14,3,7,10,10,10,6.0,3.0,whisejo99w,0,21,13,6,3,23,8,9,9,250.35000000000002,114.75,1.0,smithki01w,0.0,0.0,SAC,WE,2.0,W,W,L,21.0,13.0,34.0,14.0,3.0,7.0,10.0,10.0,10.0,6.0,3.0,whisejo99w,0.0,21.0,13.0,6.0,3.0,31.0,0.0,5.0,0.0,126.1,5.05,1.0
wilkibr01w,7,0,0.0,SAC,SAC,WE,2,1,W,W,L,21,13,34,14,3,7,10,10,10,6.0,3.0,whisejo99w,0,21,13,6,3,4,0,0,0,6.3,0.0,1.0,walkede01w,0.0,0.0,SAC,WE,2.0,W,W,L,21.0,13.0,34.0,14.0,3.0,7.0,10.0,10.0,10.0,6.0,3.0,whisejo99w,0.0,21.0,13.0,6.0,3.0,23.0,8.0,9.0,9.0,250.35000000000002,114.75,1.0
atkinla01w,8,0,0.0,SAC,SAC,WE,3,1,L,,,19,15,34,12,5,7,10,12,10,1.0,2.0,bouceje01w,0,19,15,1,2,28,0,2,0,90.94999999999999,1.4000000000000001,1.0,wilkibr01w,0.0,0.0,SAC,WE,2.0,W,W,L,21.0,13.0,34.0,14.0,3.0,7.0,10.0,10.0,10.0,6.0,3.0,whisejo99w,0.0,21.0,13.0,6.0,3.0,4.0,0.0,0.0,0.0,6.3,0.0,1.0
berezva01w,9,0,0.0,SAS,SAS,WE,1,1,W,W,L,24,10,34,15,2,9,8,10,10,4.0,5.0,hugheda99w,0,24,10,4,5,2,0,0,0,1.6500000000000001,0.0,1.0,atunrmo01w,0.0,0.0,SAS,WE,1.0,W,W,L,24.0,10.0,34.0,15.0,2.0,9.0,8.0,10.0,10.0,4.0,5.0,hugheda99w,0.0,24.0,10.0,4.0,5.0,33.0,0.0,8.0,0.0,141.04999999999998,18.799999999999997,1.0
darlihe01w,9,0,0.0,SAS,SAS,WE,1,1,W,W,L,24,10,34,15,2,9,8,10,10,4.0,5.0,hugheda99w,0,24,10,4,5,31,14,6,0,228.45000000000002,21.0,1.0,berezva01w,0.0,0.0,SAS,WE,1.0,W,W,L,24.0,10.0,34.0,15.0,2.0,9.0,8.0,10.0,10.0,4.0,5.0,hugheda99w,0.0,24.0,10.0,4.0,5.0,2.0,0.0,0.0,0.0,1.6500000000000001,0.0,1.0
hammobe01w,9,0,0.0,SAS,SAS,WE,1,1,W,W,L,24,10,34,15,2,9,8,10,10,4.0,5.0,hugheda99w,0,24,10,4,5,33,33,9,9,672.2,189.14999999999998,1.0,darlihe01w,0.0,0.0,SAS,WE,1.0,W,W,L,24.0,10.0,34.0,15.0,2.0,9.0,8.0,10.0,10.0,4.0,5.0,hugheda99w,0.0,24.0,10.0,4.0,5.0,31.0,14.0,6.0,0.0,228.45000000000002,21.0,1.0
irvinsa01w,9,0,0.0,SAS,SAS,WE,1,1,W,W,L,24,10,34,15,2,9,8,10,10,4.0,5.0,hugheda99w,0,24,10,4,5,21,0,3,0,52.2,2.8000000000000003,1.0,hammobe01w,0.0,0.0,SAS,WE,1.0,W,W,L,24.0,10.0,34.0,15.0,2.0,9.0,8.0,10.0,10.0,4.0,5.0,hugheda99w,0.0,24.0,10.0,4.0,5.0,33.0,33.0,9.0,9.0,672.2,189.14999999999998,1.0
johnsvi01w,9,0,0.0,SAS,SAS,WE,1,1,W,W,L,24,10,34,15,2,9,8,10,10,4.0,5.0,hugheda99w,0,24,10,4,5,32,32,9,9,378.1,114.9,1.0,irvinsa01w,0.0,0.0,SAS,WE,1.0,W,W,L,24.0,10.0,34.0,15.0,2.0,9.0,8.0,10.0,10.0,4.0,5.0,hugheda99w,0.0,24.0,10.0,4.0,5.0,21.0,0.0,3.0,0.0,52.2,2.8000000000000003,1.0
lawsoed01w,9,0,0.0,SAS,SAS,WE,1,1,W,W,L,24,10,34,15,2,9,8,10,10,4.0,5.0,hugheda99w,0,24,10,4,5,30,1,5,0,135.30000000000004,39.9,1.0,johnsvi01w,0.0,0.0,SAS,WE,1.0,W,W,L,24.0,10.0,34.0,15.0,2.0,9.0,8.0,10.0,10.0,4.0,5.0,hugheda99w,0.0,24.0,10.0,4.0,5.0,32.0,32.0,9.0,9.0,378.1,114.9,1.0
rileyru01w,9,0,0.0,SAS,SAS,WE,1,1,W,W,L,24,10,34,15,2,9,8,10,10,4.0,5.0,hugheda99w,0,24,10,4,5,30,3,9,1,256.15000000000003,53.4,1.0,lawsoed01w,0.0,0.0,SAS,WE,1.0,W,W,L,24.0,10.0,34.0,15.0,2.0,9.0,8.0,10.0,10.0,4.0,5.0,hugheda99w,0.0,24.0,10.0,4.0,5.0,30.0,1.0,5.0,0.0,135.30000000000004,39.9,1.0
rossad01w,9,0,0.0,SAS,SAS,WE,1,1,W,W,L,24,10,34,15,2,9,8,10,10,4.0,5.0,hugheda99w,0,24,10,4,5,4,0,2,0,3.4500000000000006,0.9500000000000001,1.0,rileyru01w,0.0,0.0,SAS,WE,1.0,W,W,L,24.0,10.0,34.0,15.0,2.0,9.0,8.0,10.0,10.0,4.0,5.0,hugheda99w,0.0,24.0,10.0,4.0,5.0,30.0,3.0,9.0,1.0,256.15000000000003,53.4,1.0
wautean01w,9,0,0.0,SAS,SAS,WE,1,1,W,W,L,24,10,34,15,2,9,8,10,10,4.0,5.0,hugheda99w,0,24,10,4,5,32,31,9,9,557.6999999999999,153.6,1.0,rossad01w,0.0,0.0,SAS,WE,1.0,W,W,L,24.0,10.0,34.0,15.0,2.0,9.0,8.0,10.0,10.0,4.0,5.0,hugheda99w,0.0,24.0,10.0,4.0,5.0,4.0,0.0,2.0,0.0,3.4500000000000006,0.9500000000000001,1.0
wilkibr01w,9,0,0.0,SAS,SAS,WE,1,1,W,W,L,24,10,34,15,2,9,8,10,10,4.0,5.0,hugheda99w,0,24,10,4,5,1,0,2,0,0.0,1.2000000000000002,1.0,wautean01w,0.0,0.0,SAS,WE,1.0,W,W,L,24.0,10.0,34.0,15.0,2.0,9.0,8.0,10.0,10.0,4.0,5.0,hugheda99w,0.0,24.0,10.0,4.0,5.0,32.0,31.0,9.0,9.0,557.6999999999999,153.6,1.0
youngso01w,9,0,0.0,SAS,SAS,WE,1,1,W,W,L,24,10,34,15,2,9,8,10,10,4.0,5.0,hugheda99w,0,24,10,4,5,33,33,9,9,638.7000000000002,179.79999999999998,1.0,wilkibr01w,0.0,0.0,SAS,WE,1.0,W,W,L,24.0,10.0,34.0,15.0,2.0,9.0,8.0,10.0,10.0,4.0,5.0,hugheda99w,0.0,24.0,10.0,4.0,5.0,1.0,0.0,2.0,0.0,0.0,1.2000000000000002,1.0
darlihe01w,10,0,0.0,SAS,SAS,WE,4,1,L,,,15,19,34,10,7,5,12,10,10,1.0,2.0,hugheda99w,0,15,19,1,2,34,13,3,0,250.0,11.8,1.0,youngso01w,0.0,0.0,SAS,WE,1.0,W,W,L,24.0,10.0,34.0,15.0,2.0,9.0,8.0,10.0,10.0,4.0,5.0,hugheda99w,0.0,24.0,10.0,4.0,5.0,33.0,33.0,9.0,9.0,638.7000000000002,179.79999999999998,1.0
beviltu01w,5,0,0.0,SEA,SEA,WE,2,1,W,W,W,20,14,34,13,4,7,10,13,9,6.0,2.0,donovan99w,0,20,14,6,2,34,0,8,0,145.15,43.74999999999999,1.0,barnead01w,0.0,0.0,SEA,WE,2.0,W,W,W,20.0,14.0,34.0,13.0,4.0,7.0,10.0,13.0,9.0,6.0,2.0,donovan99w,0.0,20.0,14.0,6.0,2.0,34.0,2.0,6.0,0.0,150.65,17.299999999999997,1.0
birdsu01w,5,0,0.0,SEA,SEA,WE,2,1,W,W,W,20,14,34,13,4,7,10,13,9,6.0,2.0,donovan99w,0,20,14,6,2,34,34,8,8,580.3,108.25,1.0,beviltu01w,0.0,0.0,SEA,WE,2.0,W,W,W,20.0,14.0,34.0,13.0,4.0,7.0,10.0,13.0,9.0,6.0,2.0,donovan99w,0.0,20.0,14.0,6.0,2.0,34.0,0.0,8.0,0.0,145.15,43.74999999999999,1.0
burseja01w,5,0,0.0,SEA,SEA,WE,2,1,W,W,W,20,14,34,13,4,7,10,13,9,6.0,2.0,donovan99w,0,20,14,6,2,29,0,8,0,233.04999999999995,46.85000000000001,1.0,birdsu01w,0.0,0.0,SEA,WE,2.0,W,W,W,20.0,14.0,34.0,13.0,4.0,7.0,10.0,13.0,9.0,6.0,2.0,donovan99w,0.0,20.0,14.0,6.0,2.0,34.0,34.0,8.0,8.0,580.3,108.25,1.0
edwarsi01w,5,0,0.0,SEA,SEA,WE,2,1,W,W,W,20,14,34,13,4,7,10,13,9,6.0,2.0,donovan99w,0,20,14,6,2,23,3,7,0,97.74999999999999,21.250000000000004,1.0,burseja01w,0.0,0.0,SEA,WE,2.0,W,W,W,20.0,14.0,34.0,13.0,4.0,7.0,10.0,13.0,9.0,6.0,2.0,donovan99w,0.0,20.0,14.0,6.0,2.0,29.0,0.0,8.0,0.0,233.04999999999995,46.85000000000001,1.0
friertr01w,5,0,0.0,SEA,SEA,WE,2,1,W,W,W,20,14,34,13,4,7,10,13,9,6.0,2.0,donovan99w,0,20,14,6,2,5,0,0,0,10.899999999999999,0.0,1.0,edwarsi01w,0.0,0.0,SEA,WE,2.0,W,W,W,20.0,14.0,34.0,13.0,4.0,7.0,10.0,13.0,9.0,6.0,2.0,donovan99w,0.0,20.0,14.0,6.0,2.0,23.0,3.0,7.0,0.0,97.74999999999999,21.250000000000004,1.0
grecomi01w,5,0,0.0,SEA,SEA,WE,2,1,W,W,W,20,14,34,13,4,7,10,13,9,6.0,2.0,donovan99w,0,20,14,6,2,13,0,4,0,36.25,2.2,1.0,friertr01w,0.0,0.0,SEA,WE,2.0,W,W,W,20.0,14.0,34.0,13.0,4.0,7.0,10.0,13.0,9.0,6.0,2.0,donovan99w,0.0,20.0,14.0,6.0,2.0,5.0,0.0,0.0,0.0,10.899999999999999,0.0,1.0
jacksla01w,5,0,0.0,SEA,SEA,WE,2,1,W,W,W,20,14,34,13,4,7,10,13,9,6.0,2.0,donovan99w,0,20,14,6,2,31,31,8,8,702.05,177.20000000000005,1.0,grecomi01w,0.0,0.0,SEA,WE,2.0,W,W,W,20.0,14.0,34.0,13.0,4.0,7.0,10.0,13.0,9.0,6.0,2.0,donovan99w,0.0,20.0,14.0,6.0,2.0,13.0,0.0,4.0,0.0,36.25,2.2,1.0
lennobe01w,5,0,8.0,SEA,SEA,WE,2,1,W,W,W,20,14,34,13,4,7,10,13,9,6.0,2.0,donovan99w,0,20,14,6,2,32,32,8,8,465.00000000000006,133.04999999999995,1.0,jacksla01w,0.0,0.0,SEA,WE,2.0,W,W,W,20.0,14.0,34.0,13.0,4.0,7.0,10.0,13.0,9.0,6.0,2.0,donovan99w,0.0,20.0,14.0,6.0,2.0,31.0,31.0,8.0,8.0,702.05,177.20000000000005,1.0
samsh01w,5,0,0.0,SEA,SEA,WE,2,1,W,W,W,20,14,34,13,4,7,10,13,9,6.0,2.0,donovan99w,0,20,14,6,2,34,32,8,8,458.10000000000014,101.69999999999999,1.0,lennobe01w,0.0,8.0,SEA,WE,2.0,W,W,W,20.0,14.0,34.0,13.0,4.0,7.0,10.0,13.0,9.0,6.0,2.0,donovan99w,0.0,20.0,14.0,6.0,2.0,32.0,32.0,8.0,8.0,465.00000000000006,133.04999999999995,1.0
thompal01w,5,0,0.0,SEA,SEA,WE,2,1,W,W,W,20,14,34,13,4,7,10,13,9,6.0,2.0,donovan99w,0,20,14,6,2,23,2,8,0,76.70000000000003,46.0,1.0,samsh01w,0.0,0.0,SEA,WE,2.0,W,W,W,20.0,14.0,34.0,13.0,4.0,7.0,10.0,13.0,9.0,6.0,2.0,donovan99w,0.0,20.0,14.0,6.0,2.0,34.0,32.0,8.0,8.0,458.10000000000014,101.69999999999999,1.0
vodicka01w,5,0,0.0,SEA,SEA,WE,2,1,W,W,W,20,14,34,13,4,7,10,13,9,6.0,2.0,donovan99w,0,20,14,6,2,34,34,8,8,400.50000000000006,81.65,1.0,thompal01w,0.0,0.0,SEA,WE,2.0,W,W,W,20.0,14.0,34.0,13.0,4.0,7.0,10.0,13.0,9.0,6.0,2.0,donovan99w,0.0,20.0,14.0,6.0,2.0,23.0,2.0,8.0,0.0,76.70000000000003,46.0,1.0
batkosu01w,6,0,0.0,SEA,SEA,WE,2,1,L,,,20,14,34,14,3,6,11,13,9,1.0,2.0,donovan99w,0,20,14,1,2,29,0,3,0,254.70000000000002,19.5,1.0,vodicka01w,0.0,0.0,SEA,WE,2.0,W,W,W,20.0,14.0,34.0,13.0,4.0,7.0,10.0,13.0,9.0,6.0,2.0,donovan99w,0.0,20.0,14.0,6.0,2.0,34.0,34.0,8.0,8.0,400.50000000000006,81.65,1.0
